"index","type","start","end","text"
"0","cue","00:01:01,675","00:01:04,133","<i>Dan selagi ada keributanbaku tembak di Tanah Suci,</i>"
"1","cue","00:01:04,266","00:01:05,835","<i>ada sorakan di Washington</i>"
"2","cue","00:01:05,968","00:01:07,703","<i>dan tarian kegembiraan Ibrani</i>"
"3","cue","00:01:07,836","00:01:10,875","<i>untuk tanah air Yahudiyang telah terlahir kembali.</i>"
"4","cue","00:01:19,213","00:01:20,850","<i>Pasukan Haganah mencari orang Arab</i>"
"5","cue","00:01:20,984","00:01:22,484","<i>setelah merebut kota.</i>"
"6","cue","00:01:45,842","00:01:47,645","<i>Lebih dari 4.000 warga Palestina</i>"
"7","cue","00:01:47,777","00:01:49,679","<i>telah dipaksauntuk meninggalkan rumah mereka.</i>"
"8","cue","00:01:49,813","00:01:52,548","<i>Perjalanan mereka sebagai pengungsibaru saja dimulai.</i>"
"9","cue","00:01:59,321","00:02:02,025","<i>Diplomasi intensifnegosiasi di Timur Tengah</i>"
"10","cue","00:02:02,157","00:02:03,560","<i>dilanjutkan hari ini di Washington</i>"
"11","cue","00:02:03,693","00:02:05,663","<i>sebagai Perdana Menteri Israel,Golda Meir,</i>"
"12","cue","00:02:05,796","00:02:07,664","<i>bertemu dengan Presiden Nixondi Gedung Putih</i>"
"13","cue","00:02:07,797","00:02:08,965","<i>selama 80 menit.</i>"
"14","cue","00:02:09,099","00:02:11,001","<i>Ini sangat istimewa bagi saya,</i>"
"15","cue","00:02:11,133","00:02:13,837","<i>berbicara atas namadari rakyat Amerika...</i>"
"16","cue","00:02:18,876","00:02:22,113","<i>Aku tidak mengetahui pembobolan Watergate.</i>"
"17","cue","00:05:00,606","00:05:02,876","Selamat pagi,Nyonya Perdana Menteri."
"18","cue","00:05:03,544","00:05:04,745","Selamat pagi."
"19","cue","00:05:12,484","00:05:13,787","Tolong bersumpah."
"20","cue","00:05:18,959","00:05:21,795","Aku bersumpah untuk mengatakan yang sebenarnya,semua kebenaran,"
"21","cue","00:05:21,929","00:05:24,463","mengetahui bahwa aku akan dikenakan hukuman"
"22","cue","00:05:24,598","00:05:27,100","dan di hukum jika aku tidak melakukannya."
"23","cue","00:05:37,978","00:05:40,446","Nyonya Perdana Menteri."
"24","cue","00:05:40,581","00:05:45,919","Mari kita mulai dengan5 Oktober 1973."
"25","cue","00:06:02,102","00:06:03,137","Ya"
"26","cue","00:06:06,006","00:06:07,975","Gunakan jari yang saya tunjukkan."
"27","cue","00:06:13,680","00:06:16,751","Sekolah Finchley Timur,Nyonya Epstein berbicara."
"28","cue","00:06:16,885","00:06:18,553","<i>Ini Ahli Kimia.</i>"
"29","cue","00:06:23,358","00:06:25,425","Ini Kepala Kantor Pos.Teruskan."
"30","cue","00:06:26,060","00:06:27,862","<i>Seng. Kadmium.</i>"
"31","cue","00:06:28,462","00:06:31,165","<i>Klorin. Hidrogen.</i>"
"32","cue","00:06:34,736","00:06:37,773","- Halo?<i>- Ini Kepala Kantor Pos.</i>"
"33","cue","00:06:38,773","00:06:41,744","Ini Tukang Roti. Teruskan."
"34","cue","00:06:43,211","00:06:48,082","<i>Seng. Kadmium.Klorin. Hidrogen.</i>"
"35","cue","00:06:55,423","00:06:58,894","Keluarkan pernyataanmengungkapkan kekecewaanku"
"36","cue","00:06:59,028","00:07:02,263","pada penyerahan Austriakepada para teroris."
"37","cue","00:07:03,298","00:07:06,734","Kekecewaan,atau mungkin frustrasi?"
"38","cue","00:07:06,868","00:07:08,836","Ya, frustrasi. Itu lebih baik."
"39","cue","00:07:11,506","00:07:13,642","- Zvika.- Perdana Menteri."
"40","cue","00:07:15,945","00:07:18,347","Apa yang aku lakukan untuk kesenangan ini?"
"41","cue","00:07:18,479","00:07:21,050","Saya mendengar dari mata-mata saya,ahli kimia."
"42","cue","00:07:21,183","00:07:24,052","Dia ingin bertemu malam ini.Dia memperingatkan akan terjadinya perang."
"43","cue","00:07:26,255","00:07:27,656","Seperti yang dia lakukan pada bulan Mei."
"44","cue","00:07:28,357","00:07:29,725","Peringatan itu akurat."
"45","cue","00:07:29,858","00:07:33,029","Tangisan serigala.Begitulah yang dirasakan."
"46","cue","00:07:34,363","00:07:35,864","Mengapa Anda mempercayai pria ini?"
"47","cue","00:07:35,998","00:07:38,901","Dia tahu segalanyadan dia bilang perang akan datang."
"48","cue","00:07:39,034","00:07:41,870","Ya, tentu saja,perang akan datang, tapi kapan?"
"49","cue","00:07:44,505","00:07:48,278","Tanpa dukungan Dayan,tidak ada mobilisasi"
"50","cue","00:07:48,411","00:07:52,081","dan dia tidak yakinbahwa ancamannya sudah dekat."
"51","cue","00:07:52,915","00:07:55,685","Jika dia mengundurkan diri,pemerintah jatuh."
"52","cue","00:07:55,819","00:07:57,186","Sesederhana itu."
"53","cue","00:07:57,319","00:07:59,488","Dan kemudian orang-orang Arabpasti akan menyerang."
"54","cue","00:07:59,622","00:08:01,123","Apa yang nalurimu katakan padamu?"
"55","cue","00:08:02,191","00:08:04,226","Naluriku bukan urusanmu."
"56","cue","00:08:05,462","00:08:06,763","Tetapi..."
"57","cue","00:08:08,131","00:08:09,132","Hmm."
"58","cue","00:08:10,667","00:08:12,235","Kamu benar.Ada sesuatu."
"59","cue","00:08:15,170","00:08:17,640","Mintalah pertemuan dengan Ahli Kimia,sebuah dokumen,"
"60","cue","00:08:17,774","00:08:19,908","sesuatu yang konkritAgar aku bisa memutuskan."
"61","cue","00:08:23,947","00:08:27,251","Saya pikir saya akan tinggal di Tel-Avivdengan anakku saat Hari Raya Kippur."
"62","cue","00:08:28,985","00:08:31,921","Setelah pertemuanmu,hubungi saya melalui jalur aman."
"63","cue","00:08:35,780","00:08:38,157","Bagi yang berpuasa,cuacanya akan menyenangkan."
"64","cue","00:08:38,282","00:08:39,867","Kami mendoakan semua orang di Israel"
"65","cue","00:08:39,992","00:08:42,703","cepat yang mudahdan G'Mar Chatima Tova."
"66","cue","00:08:42,828","00:08:46,750","Siaran kami akan dilanjutkanketika puasa berakhir."
"67","cue","00:08:52,142","00:08:53,410","Tidak ada yang melihatmu masuk,"
"68","cue","00:08:53,543","00:08:54,545","Nyonya Perdana Menteri."
"69","cue","00:08:54,678","00:08:56,113","- Mmm-hmm.- Semuanya jelas."
"70","cue","00:09:21,038","00:09:23,874","- Nyonya Perdana Menteri.- Dokter."
"71","cue","00:09:24,008","00:09:25,309","Saya tidak melihat adanya pertumbuhan baru."
"72","cue","00:09:25,443","00:09:28,748","Radiasi kobalttampaknya berfungsi."
"73","cue","00:09:28,879","00:09:31,649","Tapi rokoknyadan kopi hitam..."
"74","cue","00:09:31,782","00:09:33,451","Anda membuat pekerjaan sayajauh lebih sulit."
"75","cue","00:09:33,584","00:09:35,786","Dan kamu milikku."
"76","cue","00:09:36,987","00:09:39,057","Bisakah Anda mengaturpengobatan lain?"
"77","cue","00:09:39,191","00:09:41,493","- Apakah aku punya pilihan?- Tidak terlalu."
"78","cue","00:09:41,626","00:09:43,160","Limfoma ini bersifat agresif."
"79","cue","00:09:43,294","00:09:45,997","Pastikan dia makandan meminum obatnya."
"80","cue","00:09:54,138","00:09:56,908","aku mau kamuberjanji padaku satu hal."
"81","cue","00:09:57,042","00:10:01,713","Jika Anda mendeteksi sedikit puntanda demensia,"
"82","cue","00:10:02,781","00:10:04,316","kamu akan memberitahuku."
"83","cue","00:10:05,016","00:10:07,152","Saya tidak bisa mempercayai para penyanjung."
"84","cue","00:10:09,888","00:10:11,122","Saya berjanji."
"85","cue","00:10:12,224","00:10:14,726","Sekarang, Nyonya Perdana Menteri,bisakah saya memiliki ini?"
"86","cue","00:10:20,866","00:10:22,267","Terima kasih."
"87","cue","00:10:54,601","00:10:56,235","Ya?"
"88","cue","00:10:56,369","00:10:58,504","<i>- Aku berbicara dengan temanku.</i>- Dan?"
"89","cue","00:10:58,639","00:11:02,041","<i>Egyptian Airlines telah pindahkansemua pesawat mereka ke Tripoli.</i>"
"90","cue","00:11:02,175","00:11:05,343","<i>Pestanya akan dimulai hari ini,menjelang matahari terbenam.</i>"
"91","cue","00:11:05,877","00:11:07,246","Apakah kamu percaya padanya?"
"92","cue","00:11:08,549","00:11:09,749","<i>Ya.</i>"
"93","cue","00:11:11,450","00:11:13,353","Terima kasih."
"94","cue","00:11:57,565","00:12:00,067","- Baiklah, maaf, Nyonya.- Maaf tentang itu."
"95","cue","00:12:04,204","00:12:07,642","Marwan mengatakan serangan ituakan dimulai sekitar matahari terbenam."
"96","cue","00:12:07,774","00:12:10,978","Diplomat Soviet dan keluarga merekameninggalkan Mesir."
"97","cue","00:12:11,111","00:12:14,483","Jika dia benar, kita punyakurang dari 12 jam untuk mempersiapkannya."
"98","cue","00:12:14,618","00:12:16,083","Sadat membenci Rusia."
"99","cue","00:12:16,216","00:12:18,118","Ini bukan pertama kalinyadia mengusir mereka."
"100","cue","00:12:18,252","00:12:20,487","Mesir membutuhkan Rusia"
"101","cue","00:12:20,622","00:12:22,089","untuk mengoperasikan rudal SAM."
"102","cue","00:12:22,222","00:12:23,266","Kecuali mereka telah mengajari mereka yang mana"
"103","cue","00:12:23,290","00:12:24,759","tombol yang harus ditekan, tentu saja."
"104","cue","00:12:24,892","00:12:26,894","Segalanya mungkin."
"105","cue","00:12:27,028","00:12:29,396","Apakah orang Rusiameninggalkan Suriah juga?"
"106","cue","00:12:29,530","00:12:30,798","Saya belum mendengar apa pun."
"107","cue","00:12:30,932","00:12:32,267","Tunjukkan pada mereka fotonya, Benny."
"108","cue","00:12:32,400","00:12:35,202","Kami terbang melewati kanaltadi malam."
"109","cue","00:12:35,335","00:12:37,372","Kami belum pernah melihatpenumpukan seperti itu."
"110","cue","00:12:37,504","00:12:38,673","Tank, artileri,"
"111","cue","00:12:38,805","00:12:40,774","peralatan radio,ribuan pria."
"112","cue","00:12:42,043","00:12:43,444","Saya akui, angkanya,"
"113","cue","00:12:43,579","00:12:45,947","itu cukupuntuk memberimu stroke."
"114","cue","00:12:46,080","00:12:48,283","Apakah sistem penyadapandihidupkan?"
"115","cue","00:12:48,416","00:12:49,416","Ya."
"116","cue","00:12:50,285","00:12:52,420","- Apa yang kamu dengar?- Tidak ada apa-apa."
"117","cue","00:12:52,554","00:12:54,422","Kami menyadap jaringan Komandan mereka."
"118","cue","00:12:54,556","00:12:56,591","Jika Sadat memberisinyal untuk perang,"
"119","cue","00:12:56,724","00:12:57,724","kami pasti sudah mendengarnya."
"120","cue","00:12:57,825","00:12:59,127","Saat dia menepuk angin,"
"121","cue","00:12:59,260","00:13:00,729","Saya mendengarnya terlebih dahulu."
"122","cue","00:13:00,862","00:13:02,765","Jadi, Anda sudah melihat laporannyadari London?"
"123","cue","00:13:02,897","00:13:04,466","Marwan mengatakan hal serupa pada bulan Mei."
"124","cue","00:13:04,601","00:13:07,235","Tanpa pembom jarak jauh,setiap serangan Mesir akan gagal."
"125","cue","00:13:07,368","00:13:09,071","rencana Shazlymenyeberangi kanal,"
"126","cue","00:13:09,204","00:13:11,873","menggali di bawah payung rudal,lalu membuat kami kehabisan darah sampai mati."
"127","cue","00:13:12,006","00:13:13,726","Mereka tidak membutuhkanpembom jarak jauh untuk itu."
"128","cue","00:13:13,776","00:13:16,144","Mereka juga punya rencanauntuk menghancurkan perekonomian kita"
"129","cue","00:13:16,277","00:13:18,112","dengan memikat kami ke depanlagi dan lagi."
"130","cue","00:13:18,246","00:13:19,658","Orang Mesir dan Suriah hampir mencapainya"
"131","cue","00:13:19,682","00:13:22,585","satu juta orang di perbatasan kita.Kita harus bertindak."
"132","cue","00:13:22,719","00:13:24,720","Ayo. Mereka melakukan mobilisasidalam jumlah yang serupa"
"133","cue","00:13:24,852","00:13:26,322","dua puluh dua kalitahun ini saja."
"134","cue","00:13:26,455","00:13:28,590","Tentara yang ada bisa bertahanselama 48 jam,"
"135","cue","00:13:28,724","00:13:31,126","tapi cadangan akan dibutuhkantiga hari untuk mobilisasi."
"136","cue","00:13:31,260","00:13:32,595","Jika peringatan itu akurat,"
"137","cue","00:13:32,729","00:13:34,238","maka kita harus melakukanmobilisasi kemarin."
"138","cue","00:13:34,262","00:13:36,097","- Jika, jika!- Kami terkejut."
"139","cue","00:13:36,230","00:13:37,801","Kita harus menyerang sekarang."
"140","cue","00:13:37,966","00:13:40,169","tentara-tentaraku bersemangatdan duduk di kokpit mereka."
"141","cue","00:13:40,302","00:13:42,003","Beri aku kabardan aku akan menghancurkan mereka."
"142","cue","00:13:42,137","00:13:43,577","Saya tidak akan mendukungserangan pertama."
"143","cue","00:13:43,606","00:13:45,841","Mereka bahkan belum memberiisyarat untuk berperang."
"144","cue","00:13:45,974","00:13:48,077","Bagaimana denganmobilisasi sebagian saja?"
"145","cue","00:13:48,210","00:13:49,511","Enam puluh ribu tentara."
"146","cue","00:13:49,646","00:13:51,322","Lebih banyak lagi akan terlihatsebagai tindakan agresi."
"147","cue","00:13:51,346","00:13:54,684","- Aku butuh 200.000 tentara.- Enam puluh ribu atau 200.000 tentara,"
"148","cue","00:13:54,818","00:13:56,285","apa bedanya?"
"149","cue","00:13:56,418","00:13:59,055","Anda ingin memobilisasiYom Kippur, hari paling suci?"
"150","cue","00:13:59,189","00:14:01,957","Dampak politiknya akan terjadimenjatuhkan pemerintah."
"151","cue","00:14:02,091","00:14:05,196","Itulah alasannya menjadihari yang tepat untuk menyerang."
"152","cue","00:14:10,265","00:14:13,670","Saya sarankan kita melakukan mobilisasi120.000 tentara."
"153","cue","00:14:13,803","00:14:15,472","Lebih baik amandaripada menyesal, ya?"
"154","cue","00:14:15,606","00:14:18,141","Seratus dua puluh ribuorang tentara saja tidak cukup."
"155","cue","00:14:18,274","00:14:19,341","- Benar.- Tidak."
"156","cue","00:14:19,475","00:14:20,845","- Benar.- Salah."
"157","cue","00:14:20,977","00:14:22,088","Kami akan kalah jumlahtujuh banding satu."
"158","cue","00:14:22,112","00:14:24,313","Keputusan sudah diambil."
"159","cue","00:14:24,446","00:14:26,717","Seratus dua puluh ribu."
"160","cue","00:14:26,851","00:14:28,051","Terima kasih, Bapak bapak."
"161","cue","00:14:39,295","00:14:41,799","<i>Apakah kamu percayamata-mata Mesir, Marwan?</i>"
"162","cue","00:14:41,931","00:14:45,168","Saya khawatir dia mungkin sepertitentu saja agen ganda,"
"163","cue","00:14:45,301","00:14:49,439","tapi aku... aku percayakeputusan Zamir."
"164","cue","00:14:49,573","00:14:54,912","Jadi kenapa Anda tidak memobilisasicadanganmu pada tanggal 5?"
"165","cue","00:14:55,045","00:14:57,447","Pada hari itudia memperingatkanmu tentang perang?"
"166","cue","00:14:58,783","00:15:00,284","Dayan selalu waspada."
"167","cue","00:15:00,419","00:15:04,187","Dan dia tahu situasinyadi utara dan selatan."
"168","cue","00:15:07,558","00:15:09,894","Haruskah aku melawannya?"
"169","cue","00:15:10,026","00:15:11,563","Anda Perdana Menteri."
"170","cue","00:15:11,696","00:15:14,832","Dan tambahan 24 jamuntuk mempersiapkan perang,"
"171","cue","00:15:15,633","00:15:18,235","itu mungkin menyelamatkan banyak nyawa."
"172","cue","00:15:19,436","00:15:23,307","Ya, baiklah,itu pertanyaannya, bukan?"
"173","cue","00:15:54,171","00:15:55,440","Pagi sayang."
"174","cue","00:16:51,298","00:16:52,999","Saya mulai panik."
"175","cue","00:16:53,131","00:16:54,332","Saya membuat sup."
"176","cue","00:16:55,200","00:16:56,936","Tidak, aku akan memakannya nanti."
"177","cue","00:16:57,637","00:17:00,138","- Itu keduanya atau tidak keduanya.- Oke."
"178","cue","00:17:07,548","00:17:11,049","Semua tempat tutup.Aku mendapatkan ini dari bandara."
"179","cue","00:17:37,010","00:17:38,444","- Siap?- Hmm."
"180","cue","00:17:39,914","00:17:42,849","Di era saya, mereka berdirimenyambut Perdana Menteri."
"181","cue","00:17:47,821","00:17:49,121","Dimana anakmu bertugas?"
"182","cue","00:17:49,957","00:17:51,357","Menuju ke kanal."
"183","cue","00:17:51,490","00:17:53,827","Dia seorang pengemudi tankdengan Divisi Bren."
"184","cue","00:18:02,870","00:18:04,672","- Katakan itu omong kosong.- Kamu tidak bisa."
"185","cue","00:18:04,807","00:18:08,208","Anda tidak bisa terus-menerus memindahkan uangdari satu akun ke akun lainnya."
"186","cue","00:18:08,342","00:18:10,611","Tidak ada uangnyauntuk mendanai perang."
"187","cue","00:18:21,956","00:18:23,391","Dado?"
"188","cue","00:18:23,525","00:18:26,995","Pukul 10.00 kami mulaimemobilisasi 120.000 tentara,"
"189","cue","00:18:27,127","00:18:28,729","termasuk dua Brigade lapis baja."
"190","cue","00:18:28,862","00:18:31,032","Beberapa menit yang lalu,orang-orang Suriah mulai bergerak"
"191","cue","00:18:31,164","00:18:32,684","melepas jaring kamuflasedari senjata mereka."
"192","cue","00:18:35,436","00:18:38,706","Di kanal, orang Mesirsedang membendung saluran"
"193","cue","00:18:38,840","00:18:42,043","melalui penghalang pasir merekadalam persiapan untuk menyeberang."
"194","cue","00:18:44,579","00:18:47,015","- Kapan serangannya akan dimulai?- Menjelang matahari terbenam."
"195","cue","00:18:47,147","00:18:48,515","Ini informasi terbaik kami."
"196","cue","00:18:48,650","00:18:50,885","Sepertinya mungkinkita terkejut."
"197","cue","00:18:51,019","00:18:53,889","Jadi bagaimana caranyahal ini terjadi Zeira, hah ?"
"198","cue","00:18:54,023","00:18:55,423","Kami memberi Anda $100 juta"
"199","cue","00:18:55,556","00:18:58,393","untuk sistem penyadapan sialanmu."
"200","cue","00:18:58,527","00:18:59,862","Dan Anda berjanji kepada kami"
"201","cue","00:18:59,995","00:19:03,032","pemberitahuan 72 jam sebelumnyajika terjadi serangan."
"202","cue","00:19:03,164","00:19:06,166","Ini bukan pengadilan penyelidikan."
"203","cue","00:19:06,299","00:19:07,802","Dan tolong jaga bahasa Anda."
"204","cue","00:19:21,116","00:19:22,316","Empat jam lebih awal."
"205","cue","00:19:26,055","00:19:28,657","Orang Mesirsedang menembaki kanal."
"206","cue","00:19:28,791","00:19:30,458","Jet Suriah mengebom Golan."
"207","cue","00:19:33,227","00:19:34,395","Orang Mesir telah menembak"
"208","cue","00:19:34,530","00:19:36,800","rudal jelajah Keltke Tel Aviv."
"209","cue","00:19:36,933","00:19:39,101","Saya tidak akan bersembunyidi bawah meja,"
"210","cue","00:19:39,233","00:19:41,036","tapi jangan biarkan aku menghentikanmu."
"211","cue","00:19:41,170","00:19:44,338","Anda semua punya rencana.Kembalilah ke tugas Anda"
"212","cue","00:19:44,472","00:19:46,775","dan mengerjakannya dengan tepat."
"213","cue","00:19:46,909","00:19:48,611","Terima kasih, Bapak - bapak."
"214","cue","00:19:51,680","00:19:54,617","Moshe,kami menaruh kepercayaan padamu."
"215","cue","00:19:56,317","00:19:59,321","Orang Suriah adalahancaman langsung."
"216","cue","00:19:59,455","00:20:01,456","Aku akan pergi ke utaradan memberi perintah."
"217","cue","00:20:01,590","00:20:04,894","Munculah di televisi dulu.Yakinkan masyarakat."
"218","cue","00:20:08,965","00:20:12,334","Lalu ajari musuh kitapelajaran yang tidak akan pernah mereka lupakan."
"219","cue","00:20:12,468","00:20:13,837","Kita akan menghancurkan tulang mereka."
"220","cue","00:20:13,971","00:20:17,006","Kita akan merontokannyakeping demi keping."
"221","cue","00:20:25,247","00:20:27,250","Hubungi Kissinger di telepon."
"222","cue","00:20:27,421","00:20:30,548","Juru bicara IDFtelah memberi tahu kami"
"223","cue","00:20:30,674","00:20:32,445","pasukan Suriah sedang menyerang di utara."
"224","cue","00:20:32,469","00:20:34,719","Bangsa Mesir semakin majudi Gurun Sinai,"
"225","cue","00:20:34,844","00:20:37,347","di selatan,dan membom pasukan kita."
"226","cue","00:20:37,472","00:20:40,976","Jika Suriah menang diDataran Tinggi Golan,"
"227","cue","00:20:41,101","00:20:44,146","Israel akan menjadi rentanuntuk di invasi besar-besaran."
"228","cue","00:20:52,609","00:20:54,410","Sekretaris Kissinger di saluran satu."
"229","cue","00:21:03,721","00:21:05,189","<i>Tolong tunggu sebentar.Dia mengangkatnya.</i>"
"230","cue","00:21:13,429","00:21:14,731","Halo?"
"231","cue","00:21:14,864","00:21:16,901","- Pak Menlu.<i>- Nyonya Perdana Menteri.</i>"
"232","cue","00:21:17,034","00:21:20,604","- Maaf membangunkanmu, Henry.<i>- Tidak sama sekali.</i>"
"233","cue","00:21:21,505","00:21:23,974","Kami mendapat masalahdengan tetangga lagi."
"234","cue","00:21:24,108","00:21:25,943","Saya turut prihatin mendengarnya."
"235","cue","00:21:26,076","00:21:28,712","Eh, bolehkah aku bertanyasiapa yang melepaskan tembakan pertama?"
"236","cue","00:21:28,846","00:21:32,183","Serangan pertama akan membuatsegalanya menjadi lebih mudah bagi kita,"
"237","cue","00:21:32,315","00:21:34,151","tapi saya memberitahu Presidenperkataan saya."
"238","cue","00:21:34,285","00:21:37,956","- Saya menghargai itu.<i>- Kami terkejut, Henry.</i>"
"239","cue","00:21:38,089","00:21:40,859","Dan kali ini,ini tidak akan berakhir dalam seminggu."
"240","cue","00:21:40,992","00:21:43,027","Saya akan mulai dengan memberikantekanan diplomatik."
"241","cue","00:21:43,160","00:21:45,964","<i>Tolong lakukan.Namun jelaskan satu hal.</i>"
"242","cue","00:21:46,097","00:21:49,534","Kami akan terus berjuangsampai setiap tentara Mesir"
"243","cue","00:21:49,668","00:21:52,236","telah dipukul mundur kembalimelintasi kanal."
"244","cue","00:21:52,368","00:21:54,539","Mereka tidak akan mendapatkan apa pun dengan paksaan."
"245","cue","00:21:54,673","00:21:56,107","Jika mereka ingin tanahnya kembali,"
"246","cue","00:21:56,241","00:21:59,410","mereka harus mengakuinegara berdaulat Israel."
"247","cue","00:21:59,911","00:22:00,912","Saya mengerti."
"248","cue","00:22:01,046","00:22:03,582","- Terima kasih, Henry.<i>- Semoga berhasil, Golda.</i>"
"249","cue","00:22:06,918","00:22:08,385","Mereka akan membantu kita, bukan?"
"250","cue","00:22:08,519","00:22:10,788","Jika mereka tertangkapmengirimi kita satu peluru,"
"251","cue","00:22:10,921","00:22:13,725","Saudi akan melakukannyaembargo minyak mereka."
"252","cue","00:22:13,859","00:22:16,963","- Dia ingin kita menang.- Tapi dengan hidung berdarah."
"253","cue","00:22:17,096","00:22:19,898","Dengan begitu, orang Mesirakan melihatnya sebagai teman"
"254","cue","00:22:20,031","00:22:21,465","dan mereka akan meninggalkan Soviet"
"255","cue","00:22:21,600","00:22:23,303","yang berisi orang Rusia,"
"256","cue","00:22:23,434","00:22:25,637","hanya itu yang dia pedulikan."
"257","cue","00:22:27,639","00:22:29,074","<i>Tank musuh</i>"
"258","cue","00:22:29,207","00:22:33,511","<i>menembus garis pertahanan kitadan menduduki beberapa pos terdepan.</i>"
"259","cue","00:22:35,915","00:22:40,987","<i>Kita menderita kekalahandengan korban jiwa dan wilayah.</i>"
"260","cue","00:22:41,120","00:22:42,954","<i>Itu memang benar.</i>"
"261","cue","00:22:43,088","00:22:45,457","Apa yang salah dengan dia?"
"262","cue","00:22:45,591","00:22:48,293","<i>Kurang lebihnyaseperti yang kami harapkan</i>"
"263","cue","00:22:48,425","00:22:50,162","<i>hari pertama pertempuran.</i>"
"264","cue","00:22:51,898","00:22:55,902","<i>Aku tidak bisa, dan tidak akan,berikan angka pastinya.</i>"
"265","cue","00:22:56,035","00:22:58,004","- Panggilkan aku Medzini.<i>- Yang bisa kukatakan...</i>"
"266","cue","00:22:58,137","00:22:59,572","Saya akan berpidato."
"267","cue","00:22:59,705","00:23:04,043","<i>Apakah pertempuranakan berakhir dengan kemenangan.</i>"
"268","cue","00:23:05,810","00:23:06,979","<i>Tuhan tolong kita semua.</i>"
"269","cue","00:23:18,258","00:23:19,892","Kami terbang melewati kanalsatu jam yang lalu."
"270","cue","00:23:20,026","00:23:23,095","Orang Mesir punyasepuluh jembatan operasional."
"271","cue","00:23:23,229","00:23:24,462","Dua Divisi telah melewati"
"272","cue","00:23:24,597","00:23:26,532","dan sedang bertahandi Tepi Timur."
"273","cue","00:23:26,666","00:23:28,034","Dan Golan?"
"274","cue","00:23:28,167","00:23:31,805","Tank-tank Suriah semakin majudalam jumlah ribuan."
"275","cue","00:23:31,939","00:23:37,442","Kami berusaha semaksimal mungkin,tapi ini sangat, sangat serius."
"276","cue","00:23:40,080","00:23:41,081","Moshe."
"277","cue","00:23:43,549","00:23:44,750","Bagaimana tadi?"
"278","cue","00:23:45,152","00:23:46,853","Bagus. Bagus."
"279","cue","00:23:47,654","00:23:48,989","Apakah kamu baik-baik saja?"
"280","cue","00:23:49,790","00:23:51,792","Ya. Tentu saja."
"281","cue","00:23:53,293","00:23:56,997","Pergi ke Golan. Lihat apaterjadi, laporkan kembali."
"282","cue","00:23:58,497","00:23:59,599","- Pergi.- Ya."
"283","cue","00:24:03,136","00:24:05,138","30 detik,Nyonya Perdana Menteri."
"284","cue","00:24:20,199","00:24:22,075","Selamat malam untuk para pemirsa kami."
"285","cue","00:24:22,201","00:24:25,205","Konferensi pers akan dimulaisebentar lagi di Tel Aviv"
"286","cue","00:24:25,330","00:24:27,789","dengan Perdana Menteri, Golda Meir."
"287","cue","00:24:27,915","00:24:29,667","Kami akan menyiarkanlangsung di saluran kami"
"288","cue","00:24:29,792","00:24:32,243","Pidato Perdana Menteriditujukan kepada bangsa."
"289","cue","00:24:32,267","00:24:33,267","Mmm-mmm."
"290","cue","00:24:35,703","00:24:38,238","Apakah Anda siap, Perdana Menteri?"
"291","cue","00:24:42,276","00:24:45,279","Empat, tiga,"
"292","cue","00:24:46,214","00:24:47,215","dua..."
"293","cue","00:24:52,487","00:24:54,255","<i>Hari ini...</i>"
"294","cue","00:24:54,389","00:24:56,390","<i>sekitar jam 14.00,</i>"
"295","cue","00:24:56,522","00:24:58,793","<i>tentara Mesir dan Suriah</i>"
"296","cue","00:24:58,926","00:25:02,096","<i>meluncurkan seranganmelawan Israel.</i>"
"297","cue","00:25:02,230","00:25:05,066","Musuh menderitakerugian yang serius."
"298","cue","00:25:06,901","00:25:09,005","Penguasa Mesir dan Suriah"
"299","cue","00:25:09,139","00:25:13,307","sudah lama merencanakanpelanggaran gencatan senjata."
"300","cue","00:25:15,476","00:25:17,045","Dalam kepengecutan mereka,"
"301","cue","00:25:17,178","00:25:23,151","para penyerang menyebarkan kebohonganbahwa Israel melepaskan tembakan terlebih dahulu."
"302","cue","00:25:23,284","00:25:27,056","Musuh kita berharap memberikan kejutankepada warga Israel"
"303","cue","00:25:27,189","00:25:28,923","pada Hari Raya Yom Kippur."
"304","cue","00:25:29,057","00:25:32,360","<i>Tapi kita tidak terkejut.</i>"
"305","cue","00:25:32,794","00:25:34,162","Untuk beberapa hari sebelumnya,"
"306","cue","00:25:34,295","00:25:37,433","intelijen Israel telah mengetahui"
"307","cue","00:25:37,566","00:25:40,102","orang Mesirdan tentara Suriah"
"308","cue","00:25:40,235","00:25:43,038","sedang bersiap untukserangan gabungan."
"309","cue","00:25:47,376","00:25:50,345","<i>Kami sepenuh hatipercaya pada semangat</i>"
"310","cue","00:25:50,478","00:25:53,478","<i>dan kekuatan IDFuntuk mengalahkan musuh.</i>"
"311","cue","00:25:53,502","00:25:57,548","Mereka ada di sekitar kami.Mereka ada dimana-mana."
"312","cue","00:25:57,673","00:26:00,509","Seluruh lembahdipenuhi dengan tank Suriah."
"313","cue","00:26:00,634","00:26:02,636","Kami sedang dihancurkan di sini."
"314","cue","00:26:08,017","00:26:09,937","Saya telah kehilangan seluruh peleton.Saya harus mundur."
"315","cue","00:26:09,977","00:26:13,314","Kembali ke sana, Letnan.Jangan mundur."
"316","cue","00:26:15,317","00:26:18,902","Mereka tidak bisa mengambil wilayah utara.Maju!"
"317","cue","00:26:19,028","00:26:21,239","Kami sedang menuju ke neraka.Seluruh tim saya hilang."
"318","cue","00:26:21,364","00:26:23,034","Tetap tenang dan lakukan apa yang diperintahkan!"
"319","cue","00:26:23,157","00:26:25,260","Saya tidak dapat bertahan lagi.Saya butuh bantuan segera! Ganti!"
"320","cue","00:26:25,284","00:26:28,787","Mereka menghancurkan tank kitadengan infanteri dan peluru."
"321","cue","00:26:31,166","00:26:35,587","Saya belum pernah melihat yang seperti ini.Ini serangan gencar. Ganti."
"322","cue","00:26:35,712","00:26:39,174","Jarak dekat! Ribuantank ada di depan kami!"
"323","cue","00:26:39,299","00:26:42,886","Mereka menembaki kami!Mereka membantai kami! Ganti!"
"324","cue","00:26:43,011","00:26:45,305","Kami butuh bantuan..."
"325","cue","00:27:29,113","00:27:31,949","Kita kalah. Kita kehilangan wilayah utara."
"326","cue","00:27:36,287","00:27:39,290","Ini hari Kiamat.Kita kehilangan wilayah utara."
"327","cue","00:27:39,423","00:27:42,626","Saya memberi tahu Dimona.Senjata nuklir."
"328","cue","00:27:42,759","00:27:45,062","- Ya, itulah yang saya lakukan.- Apa?"
"329","cue","00:27:45,196","00:27:47,898","Kamu melakukan apa? Apakah kamu serius?"
"330","cue","00:27:48,733","00:27:50,302","Bawa Dado ke sini sekarang."
"331","cue","00:27:51,435","00:27:52,637","Ayo, Moshe."
"332","cue","00:27:52,770","00:27:53,970","Ini Masada yang lain, Golda."
"333","cue","00:27:54,072","00:27:55,372","Ikut denganku. Ayo. Kesana."
"334","cue","00:27:55,506","00:27:57,508","saya melihatnyadengan mataku sendiri. Aku bersumpah."
"335","cue","00:28:02,146","00:28:05,450","Kami kehilangan sekitar 80, 100 tank."
"336","cue","00:28:05,585","00:28:09,621","Seluruh Divisi hilang.Seketika."
"337","cue","00:28:09,753","00:28:13,325","Dalam segala ketulusan dan persahabatan,"
"338","cue","00:28:13,459","00:28:15,759","saya menawarkan Andapengunduran diri saya, Golda."
"339","cue","00:28:18,963","00:28:22,100","- Saya telah gagal.- Aku ingin kamu tegar."
"340","cue","00:28:24,670","00:28:26,104","Apakah kamu mengerti?"
"341","cue","00:28:27,573","00:28:28,873","Jangan melakukan hal ini lagi."
"342","cue","00:28:30,676","00:28:33,411","Pulang ke rumah. Cuci mukamu."
"343","cue","00:28:35,113","00:28:37,047","Dan keluarlah dari sini."
"344","cue","00:28:38,316","00:28:39,317","Pergilah!"
"345","cue","00:29:11,182","00:29:12,418","Apa yang sedang terjadi?"
"346","cue","00:29:12,552","00:29:14,953","Sudahkah Anda menghancurkan jembatandi seberang sungai Yordan?"
"347","cue","00:29:15,987","00:29:17,658","Bagaimana tentara cadangan kitapergi ke Golan"
"348","cue","00:29:17,790","00:29:19,559","tanpa jembatan?"
"349","cue","00:29:19,693","00:29:22,795","Dia ingin menggunakansenjata nuklir."
"350","cue","00:29:24,665","00:29:25,898","Apakah dia sudah gila?"
"351","cue","00:29:26,667","00:29:27,899","Dayan..."
"352","cue","00:29:30,102","00:29:31,571","Dayan sudah selesai."
"353","cue","00:29:32,638","00:29:34,240","Jangan menerima perintah darinya."
"354","cue","00:29:34,373","00:29:36,942","Anda memegang kendali penuh sekarang."
"355","cue","00:29:44,651","00:29:46,052","Kami mengalami malam yang buruk."
"356","cue","00:29:48,087","00:29:50,657","Suriah telah menghancurkan pertahanankami dengan banyak tank,"
"357","cue","00:29:50,791","00:29:53,560","tapi entah kenapa,mereka belum maju terus."
"358","cue","00:29:53,694","00:29:54,960","Mungkin mereka kekurangan bahan bakar"
"359","cue","00:29:55,094","00:29:56,731","atau mereka tidak mendapat perintah,Aku tidak tahu."
"360","cue","00:29:56,863","00:29:58,231","Ini memberi kami ruang bernapas."
"361","cue","00:29:58,365","00:29:59,733","Saya sudah menginstruksikan angkatan udara"
"362","cue","00:29:59,865","00:30:01,233","untuk membawa pesawat dari selatan."
"363","cue","00:30:01,368","00:30:03,208","Mereka mendapat perintah untuk menyerangapapun yang bergerak."
"364","cue","00:30:03,303","00:30:06,405","Situasinya sulit."
"365","cue","00:30:06,540","00:30:08,508","Tapi pasukan ke-679 berjuang keras."
"366","cue","00:30:08,643","00:30:11,177","Mereka tentara-tentara yang tangguh. Mereka tidak akanmengecewakan negaranya."
"367","cue","00:30:11,310","00:30:14,181","Sekarang, di front Mesir..."
"368","cue","00:30:16,350","00:30:19,554","kita gagal untuk menghentikanmusuh melintasi kanal."
"369","cue","00:30:19,687","00:30:22,624","Tank kami datang terlambatdan dalam jumlah yang terlalu sedikit."
"370","cue","00:30:22,758","00:30:25,859","Orang Mesir telah membangunpeluncur rudal SAM"
"371","cue","00:30:25,992","00:30:27,761","dan Angkatan Udara kitatelah terkena pukulan yang sangat keras."
"372","cue","00:30:27,893","00:30:29,329","Berapa banyak Jet Phantom yang hilang?"
"373","cue","00:30:29,463","00:30:31,331","Sekitar 30 pesawat."
"374","cue","00:30:31,465","00:30:33,100","Lima puluh awak pesawat tewas atau hilang."
"375","cue","00:30:33,233","00:30:34,536","Dan tentara?"
"376","cue","00:30:34,670","00:30:37,371","170 orang tentara pastinya,mungkin lebih."
"377","cue","00:30:37,504","00:30:38,806","Yang paling mendesak,"
"378","cue","00:30:38,939","00:30:41,975","Posisi terkuat kitadikepung."
"379","cue","00:30:42,109","00:30:44,344","Sekitar 600 tentara,"
"380","cue","00:30:44,478","00:30:47,180","kebanyakan dari mereka pasukan cadangan,terjebak."
"381","cue","00:30:50,417","00:30:51,953","Mengapa mereka tidak dievakuasi?"
"382","cue","00:30:52,086","00:30:54,522","Jenderal Gonen memberitahu merekauntuk bertarung sampai akhir."
"383","cue","00:30:54,656","00:30:57,959","Orang Mesirberusaha menembus garis ini."
"384","cue","00:30:58,092","00:31:00,160","Gonen sedang bersiapserangan balik."
"385","cue","00:31:00,293","00:31:02,230","Sharon menuju ke selatan."
"386","cue","00:31:02,363","00:31:05,198","Rencananya untuk mengurangi kekuatanposisinya"
"387","cue","00:31:05,332","00:31:08,336","dan mengusir orang Mesir kembalimelintasi kanal."
"388","cue","00:31:09,137","00:31:11,239","Anda akan menyelamatkan tentara-tentara ini."
"389","cue","00:31:18,345","00:31:20,515","- Golda.- Kamu kembali."
"390","cue","00:31:20,649","00:31:22,884","- Ada lagi dari temanmu?- Dia di Kairo."
"391","cue","00:31:23,016","00:31:24,686","Orang Mesir melintasi kanal?"
"392","cue","00:31:25,854","00:31:27,756","Dado sedang merencanakanserangan balik."
"393","cue","00:31:28,590","00:31:30,660","Itulah yang mereka harapkan."
"394","cue","00:31:30,794","00:31:32,260","Kita akan masuk ke dalam jebakan."
"395","cue","00:31:34,962","00:31:38,199","Tapi ada 400 tentaraterjebak di dalam benteng."
"396","cue","00:31:39,367","00:31:41,436","Orang-orang Mesir akan menunggu."
"397","cue","00:31:41,570","00:31:43,639","Kamu harus menghentikanserangan ini, Golda."
"398","cue","00:31:46,643","00:31:50,045","saya tidak membuatkeputusan militer."
"399","cue","00:31:50,178","00:31:52,147","Tapi, Golda, itu sama saja dengan bunuh diri!"
"400","cue","00:31:52,281","00:31:54,383","Saya seorang politisi, bukan tentara."
"401","cue","00:31:54,516","00:31:56,585","Golda, Golda. Tolong, aku tidak bisa..."
"402","cue","00:31:59,353","00:32:01,623","Apa-apaanyang kamu inginkan dariku?"
"403","cue","00:32:06,161","00:32:07,764","Golda!"
"404","cue","00:32:07,897","00:32:09,198","Golda, kamu baik-baik saja?"
"405","cue","00:32:09,331","00:32:11,366","Bernapaslah, Golda. Tolong, bernapaslah."
"406","cue","00:32:13,101","00:32:14,704","Apakah kamu ingin minum sesuatu?"
"407","cue","00:32:17,806","00:32:19,742","Musuh telah merasakan darah."
"408","cue","00:32:21,477","00:32:24,146","Tidak ada alasanagar mereka berhenti sekarang."
"409","cue","00:32:25,047","00:32:27,983","Ini tahun 1948 lagi."
"410","cue","00:32:29,485","00:32:32,054","Kita berjuang untuk hidup kita."
"411","cue","00:32:33,656","00:32:36,693","Jika orang Amerikamelemparkan kita ke anjing-anjing itu,"
"412","cue","00:32:36,826","00:32:39,394","dan orang-orang Arab mencapai Tel Aviv,"
"413","cue","00:32:40,462","00:32:42,666","Saya tidak akan ditangkap hidup-hidup."
"414","cue","00:32:46,201","00:32:48,739","Dan kamu harus melakukannyapastikan itu."
"415","cue","00:32:51,507","00:32:53,711","Orang Amerika,mereka tidak akan mengecewakan kita."
"416","cue","00:32:58,080","00:32:59,315","Mengapa tidak?"
"417","cue","00:33:00,250","00:33:02,285","Karena Anda tidak akan membiarkan hal itu terjadi."
"418","cue","00:33:11,361","00:33:13,495","Maaf, tapi kamu belum mati."
"419","cue","00:33:13,630","00:33:16,466","Hmm. Hidup dan menendang."
"420","cue","00:33:55,674","00:33:57,141","Apa yang sedang kita dengar ini?"
"421","cue","00:33:57,274","00:33:59,376","Pasukan kita di kanal.Mereka dikepung."
"422","cue","00:33:59,510","00:34:02,379","Ini bentengnyadi mana tentara-tentara itu terjebak."
"423","cue","00:34:02,513","00:34:04,414","Bren dan Divisi tanknya akan melakukannya"
"424","cue","00:34:04,548","00:34:06,651","maju terus melintasi dataran ini,"
"425","cue","00:34:06,785","00:34:09,218","menghancurkan garis Mesir"
"426","cue","00:34:09,352","00:34:11,221","dan menghilangkan kekuatannya."
"427","cue","00:34:12,122","00:34:13,892","Serangan balik dimulai."
"428","cue","00:34:14,970","00:34:16,431","Pindah. Seberangi dataran."
"429","cue","00:34:16,556","00:34:19,308","Bergerak cepat. Jangan membuat dirimu sendirisasaran empuk."
"430","cue","00:34:19,934","00:34:22,812","Mari kita menakuti mereka.Hancurkan apa pun yang bergerak."
"431","cue","00:34:22,937","00:34:27,525","Kami bergerak cepat.Mengapa mereka tidak menembak?"
"432","cue","00:34:29,401","00:34:32,321","Apa itu tadi? Apakah itu tank?"
"433","cue","00:34:32,447","00:34:34,908","Ini bukan tank. Dimana itu?"
"434","cue","00:34:35,033","00:34:36,992","Saya bisa melihat benteng kitadi kanal."
"435","cue","00:34:37,117","00:34:39,412","- Apakah ada yang melihatnya?- Menurutku itu kekuatan kita."
"436","cue","00:34:39,538","00:34:42,206","Itu bukan milik kita dan bukan tank.Aku bisa mendengar peluitnya."
"437","cue","00:34:42,331","00:34:44,376","- Apa itu?- Itu bukan berasal dari tank."
"438","cue","00:34:44,501","00:34:46,293","- Ini RPG.- Dari mana asalnya?"
"439","cue","00:34:46,418","00:34:47,962","Saya tidak dapat melihat apa pun."
"440","cue","00:34:48,087","00:34:50,048","Saya telah ditembak. Saya telah ditembak.Tankku terkena serangan!"
"441","cue","00:34:50,173","00:34:51,591","Itu rudal Sagger."
"442","cue","00:34:51,716","00:34:54,302","Ini penyergapan.Mereka menutupi seluruh area."
"443","cue","00:34:54,427","00:34:56,721","Masukkan peluru! Selaluada peluru di dalam chamber."
"444","cue","00:34:56,847","00:34:57,847","Kami diserang."
"445","cue","00:34:57,889","00:34:59,807","Kita hancur."
"446","cue","00:35:03,936","00:35:07,482","Mundur, mundur! Saggersditembakan tanpa henti. Mundur."
"447","cue","00:35:12,113","00:35:13,613","Ratusan Saggerstelah ditembakan."
"448","cue","00:35:13,738","00:35:16,199","Kami berada di garis tembak!Mundur!"
"449","cue","00:35:16,324","00:35:19,035","Ini komandan.Tembak mereka kembali!"
"450","cue","00:35:19,160","00:35:21,079","Apa yang kamu tunggu?"
"451","cue","00:35:21,204","00:35:22,914","Saya tidak bisa menembak!Pelurunya macet!"
"452","cue","00:35:23,039","00:35:24,124","Pelurunya macet!"
"453","cue","00:35:24,249","00:35:27,043","Ini komandan.Tidak ada yang mundur."
"454","cue","00:35:27,168","00:35:28,504","Kembali ke posisi Anda"
"455","cue","00:35:28,629","00:35:31,215","dan balas menyerang mereka!Apakah itu jelas?"
"456","cue","00:35:31,340","00:35:33,509","Seluruh bagian saya terluka.Kami tidak punya peluang."
"457","cue","00:35:33,634","00:35:36,386","Sangat penting bagi kita untuk mengamankan jalurnya.Jangan mundur."
"458","cue","00:35:36,511","00:35:40,141","Ini perintah.Saya ulangi, jangan mundur!"
"459","cue","00:35:40,474","00:35:43,018","Saya ingin bala bantuanjika itu mungkin. Ganti."
"460","cue","00:35:43,143","00:35:45,980","Ini Tiga.Musuh telah menyusup..."
"461","cue","00:35:49,650","00:35:51,360","Ini komandan."
"462","cue","00:35:51,485","00:35:55,030","Tahan posisi dan amankangaris itu segera. Ganti."
"463","cue","00:35:55,155","00:35:56,991","Komandan regu saya sudah mati."
"464","cue","00:35:57,116","00:35:59,951","Adar sudah mati.aku me... aku meninggalkan..."
"465","cue","00:36:00,076","00:36:01,454","Tolong kirimkan bantuan kepada kami!"
"466","cue","00:36:01,579","00:36:04,081","Aku... aku tidak ingin mati..."
"467","cue","00:36:04,498","00:36:08,544","Aku ingin... Aku ingin pulang!aku ingin pergi pul..."
"468","cue","00:36:18,804","00:36:20,681","Zionis sudah mati."
"469","cue","00:36:20,806","00:36:23,017","Kita memegang kendali penuhdari daerah ini."
"470","cue","00:38:59,249","00:39:01,751","Kalau kamu cemas,bicaralah, Golda."
"471","cue","00:39:10,761","00:39:13,395","Ayo, aku akan membuatkan kitaminum kopi lagi, oke?"
"472","cue","00:39:25,308","00:39:26,944","Apa kabarmu?"
"473","cue","00:39:28,345","00:39:30,480","- Baik.- Kamu mau masuk?"
"474","cue","00:39:33,217","00:39:34,417","Aku butuh kamu."
"475","cue","00:39:39,290","00:39:40,522","Saya akan berada disana."
"476","cue","00:40:01,511","00:40:03,614","Ayo, Moshe. Duduk."
"477","cue","00:40:05,784","00:40:10,889","Saya kehilangan 13 jet Phantom lainnyadan 9 jet Skyhawk."
"478","cue","00:40:11,022","00:40:12,390","Sebelas pilot tewas."
"479","cue","00:40:12,523","00:40:14,291","Dalam situasi ini,"
"480","cue","00:40:14,425","00:40:16,928","tiga, mungkin empat hari lagiaku keluar dari pertarungan."
"481","cue","00:40:22,300","00:40:25,870","Apa yang terjadi pada Sharondan serangan melambungnya?"
"482","cue","00:40:26,004","00:40:27,672","Dia berkendara mengelilingi gurunsepanjang sore"
"483","cue","00:40:27,806","00:40:30,141","dengan 30 fotografer di belakangnya."
"484","cue","00:40:30,275","00:40:33,078","- Dia tidak melepaskan tembakan.- Orang itu."
"485","cue","00:40:33,211","00:40:34,546","Dan Bren?"
"486","cue","00:40:34,679","00:40:37,480","Divisinya hampir hancur."
"487","cue","00:40:38,917","00:40:40,885","Kami masih punya, eh, 400 tentara"
"488","cue","00:40:41,019","00:40:43,089","terjebak di dalam bentengsepanjang kanal."
"489","cue","00:40:43,222","00:40:44,790","Kami sedang mengerjakanrencana penyelamatan baru."
"490","cue","00:40:44,923","00:40:46,825","- Orang Mesir tahu itu.- Tidak ada yang tertinggal."
"491","cue","00:40:46,958","00:40:49,663","- Ini jebakan.- Tidak ada yang tertinggal, Zvika!"
"492","cue","00:40:52,063","00:40:54,632","Apa intinyamempertaruhkan lebih banyak nyawa?"
"493","cue","00:40:54,766","00:40:57,068","Mari kita jujur pada diri kita sendiri."
"494","cue","00:40:57,202","00:40:59,905","Jika kita mengirim misi penyelamatan,tujuannya adalah"
"495","cue","00:41:00,039","00:41:04,309","untuk menyelamatkan reputasi kitasebanyak menyelamatkan tentara-tentara itu."
"496","cue","00:41:04,442","00:41:07,179","Jadi, apa pilihan kita?"
"497","cue","00:41:08,913","00:41:11,817","Sharon ingin menyeberangi kanal"
"498","cue","00:41:11,951","00:41:13,585","dan menyergap dari belakang."
"499","cue","00:41:13,718","00:41:15,020","Apakah itu akan berhasil?"
"500","cue","00:41:17,823","00:41:19,392","Orang Mesir memiliki Dua Divisi"
"501","cue","00:41:19,524","00:41:21,260","di Tepi Barat menunggu."
"502","cue","00:41:21,394","00:41:22,561","Dia akan musnah."
"503","cue","00:41:22,695","00:41:24,130","Apa posisinya?di Golan?"
"504","cue","00:41:24,263","00:41:26,600","Kami memukul mundur mereka kembalike garis gencatan senjata."
"505","cue","00:41:26,731","00:41:28,601","Orang Suriah hampir kalah."
"506","cue","00:41:28,734","00:41:30,436","Bisakah kamu mengalahkan mereka kembali lebih jauh,"
"507","cue","00:41:30,569","00:41:31,870","menuju Damaskus?"
"508","cue","00:41:32,704","00:41:34,240","Jika kita bisa membuat Assad panik,"
"509","cue","00:41:34,373","00:41:37,977","dia akan memberikan tekanan pada Sadatuntuk menyerang lagi."
"510","cue","00:41:38,110","00:41:41,614","Mengekspos tanknyadi tempat terbuka."
"511","cue","00:41:43,549","00:41:44,952","Dado, bagaimana menurutmu?"
"512","cue","00:41:45,651","00:41:48,054","Orang-orang Mesir sudah bertahan dengan baik."
"513","cue","00:41:48,187","00:41:50,556","Mereka tidak akan meninggalkanposisi mereka."
"514","cue","00:41:50,689","00:41:53,192","- Sadat mendapat kemenangannya.- Ya."
"515","cue","00:41:54,627","00:41:55,829","Tetapi..."
"516","cue","00:41:57,097","00:41:58,697","apakah dia mengetahuinya?"
"517","cue","00:42:01,268","00:42:04,703","Saya ingin Anda mengebompinggiran Damaskus, Benny."
"518","cue","00:42:04,837","00:42:08,274","- Buat Assad benar-benar marah.- Aku butuh lebih banyak pesawat."
"519","cue","00:42:08,407","00:42:11,310","Tolong hubungi Kissinger,lewat telepon."
"520","cue","00:42:15,315","00:42:16,516","Bergembiralah, Moshe."
"521","cue","00:42:16,650","00:42:18,752","- Segalanya bisa menjadi lebih buruk.- Bagaimana?"
"522","cue","00:42:18,885","00:42:21,121","Anda bisa menggantikan saya."
"523","cue","00:42:22,789","00:42:24,291","<i>Saya mengerti,</i>"
"524","cue","00:42:24,424","00:42:26,184","<i>tapi Presidenberada dalam posisi yang sulit.</i>"
"525","cue","00:42:26,226","00:42:27,860","<i>Musim dingin akan tiba.Jika Saudi...</i>"
"526","cue","00:42:27,993","00:42:30,330","Rusia memulai pengangkutan udara besar-besaran."
"527","cue","00:42:30,464","00:42:34,902","Kami melihat pesawat mengalirke Kairo dan Damaskus."
"528","cue","00:42:35,036","00:42:37,904","Kami telah kehilangan 500 tank"
"529","cue","00:42:38,038","00:42:40,074","dan sepertiga Angkatan Udara."
"530","cue","00:42:40,209","00:42:41,441","Lima ratus?"
"531","cue","00:42:41,576","00:42:44,111","<i>Ya. Dan 30 jet Phantom.</i>"
"532","cue","00:42:44,244","00:42:46,279","<i>Aku bisa saja meluncurkanserangan pendahuluan</i>"
"533","cue","00:42:46,413","00:42:49,349","<i>tapi aku tidak melakukannya,untuk menyelamatkan mukamu.</i>"
"534","cue","00:42:49,483","00:42:51,752","Keputusan itu sangat merugikan kami."
"535","cue","00:42:53,955","00:42:55,990","<i>Watergate sedang menghantuiWashington</i>"
"536","cue","00:42:56,124","00:42:58,627","<i>seperti badai api, Golda.Nixon seperti bebek yang timpang.</i>"
"537","cue","00:42:58,760","00:43:01,027","Tapi kamu tidak."
"538","cue","00:43:04,531","00:43:05,699","<i>Golda...</i>"
"539","cue","00:43:05,832","00:43:08,136","Apakah itu akan membantujika saya datang ke Washington?"
"540","cue","00:43:08,269","00:43:11,607","<i>Kau ingin terbang ke sini?Saat perang?</i>"
"541","cue","00:43:11,739","00:43:13,007","Ya."
"542","cue","00:43:13,141","00:43:16,544","<i>Golda,itu akan menimbulkan masalah.</i>"
"543","cue","00:43:16,677","00:43:19,514","<i>Komunitas Yahudi di siniakan khawatir.</i>"
"544","cue","00:43:19,647","00:43:22,015","Hmm! Tanpa keraguan."
"545","cue","00:43:22,149","00:43:24,418","<i>Jika orang Arab mengalahkan kitadengan senjata Soviet,</i>"
"546","cue","00:43:24,553","00:43:28,089","<i>pesan apa yang dikirimkannyake Dunia Bebas, Henry?</i>"
"547","cue","00:43:30,859","00:43:34,028","<i>Aku punya beberapa jet Phantom untukmu.</i>"
"548","cue","00:43:38,266","00:43:39,467","Terima kasih."
"549","cue","00:43:39,601","00:43:41,402","<i>Selamat malam, Golda.</i>"
"550","cue","00:43:41,536","00:43:44,338","<i>Israel tidak sabar...</i>"
"551","cue","00:43:45,607","00:43:48,911","<i>agar, eh, debunya mengendap.</i>"
"552","cue","00:43:49,044","00:43:50,411","<i>Dan orang-orang Arab tidak sabar</i>"
"553","cue","00:43:50,545","00:43:52,948","<i>agar debunya mengendapdi Timur Tengah.</i>"
"554","cue","00:43:53,081","00:43:56,184","<i>Eh, kedua belah pihak bersalah.</i>"
"555","cue","00:43:56,317","00:44:00,755","<i>Kedua belah pihak perlu melakukanmulai bernegosiasi.</i>"
"556","cue","00:44:00,888","00:44:02,391","<i>Itulah posisi kami.</i>"
"557","cue","00:44:02,524","00:44:05,194","<i>Kami tidak pro-Israeldan kami tidak pro-Arab.</i>"
"558","cue","00:44:05,327","00:44:07,763","<i>Dan kita tidak lagipro-Arab karena mereka punya minyak</i>"
"559","cue","00:44:07,896","00:44:09,364","<i>dan Israel belum.</i>"
"560","cue","00:44:09,498","00:44:11,466","<i>Kami pro perdamaian.</i>"
"561","cue","00:44:11,601","00:44:13,603","<i>Dan itulah ketertarikandari seluruh area</i>"
"562","cue","00:44:13,735","00:44:17,338","<i>bagi kita untuk mendapatkannegosiasi di titik mati</i>"
"563","cue","00:44:17,471","00:44:18,874","<i>dan itulah alasan</i>"
"564","cue","00:44:19,007","00:44:20,051","<i>kami akan menggunakan pengaruh kami...</i>"
"565","cue","00:44:20,075","00:44:21,510","<i>dengan Israel,</i>"
"566","cue","00:44:21,644","00:44:23,721","<i>dan kami akan menggunakan pengaruh kami,pengaruh apa yang kita miliki,</i>"
"567","cue","00:44:23,745","00:44:26,348","<i>dengan berbagai negara Arab...</i>"
"568","cue","00:44:26,481","00:44:29,218","Ini akan menjadi jam 5:30.5:30."
"569","cue","00:44:32,622","00:44:33,889","Hmm."
"570","cue","00:44:35,924","00:44:37,726","- Ya.- Jenderal Sharon,"
"571","cue","00:44:37,859","00:44:39,161","ini suatu kehormatan."
"572","cue","00:44:41,599","00:44:45,100","Foto-foto ini diambiltiga jam yang lalu"
"573","cue","00:44:45,234","00:44:47,170","oleh salah satu pengintaikudi kanal."
"574","cue","00:44:47,303","00:44:50,339","Kami telah menemukan celahdi garis Mesir, di sini."
"575","cue","00:44:50,472","00:44:52,342","Tepat di utaraDanau Great Bitter."
"576","cue","00:44:52,475","00:44:54,910","Tentara Mesir Keduaada di sini, di utara."
"577","cue","00:44:55,043","00:44:57,312","Tentara Ketiga,di sini di selatan."
"578","cue","00:44:57,446","00:45:00,450","Di tengah-tengah,kanal tidak terlindungi."
"579","cue","00:45:00,584","00:45:04,220","Saya punya rakit bermotorcukup besar untuk membawa tank."
"580","cue","00:45:04,354","00:45:08,123","Saya bisa memiliki 50 tankdi Tepi Barat sebelum fajar."
"581","cue","00:45:08,257","00:45:11,461","Saya menekan ke utara, menyebarkan kepanikan."
"582","cue","00:45:13,128","00:45:15,832","- Siapa yang mau kopi? Hmm.- Terima kasih."
"583","cue","00:45:17,300","00:45:19,570","Um, maafkan ketidaktahuanku."
"584","cue","00:45:19,703","00:45:21,538","Apakah arti simbol ini?"
"585","cue","00:45:21,672","00:45:25,276","Divisi 4 dan 21 Mesir."
"586","cue","00:45:25,409","00:45:28,244","Mereka berada di tepi baratkanal yang menunggu untuk dilintasi."
"587","cue","00:45:28,378","00:45:30,013","Ya. Aku ingat."
"588","cue","00:45:31,781","00:45:33,316","Jadi, Arik."
"589","cue","00:45:33,449","00:45:38,757","Anda ingin menyeberangi kanaldengan 50 tank dan 2.000 orang"
"590","cue","00:45:38,889","00:45:41,024","dan ingin mengalahkan dua Divisi."
"591","cue","00:45:41,157","00:45:45,428","Saya yakin itu berarti 600 tankdan 30.000 orang."
"592","cue","00:45:45,562","00:45:47,632","- Apakah itu rencanamu?- Kita kehilangan orang."
"593","cue","00:45:47,766","00:45:50,433","Setiap hari, kita kehilangan orang"
"594","cue","00:45:50,567","00:45:53,971","dan mesin tanpamemperbaiki posisi kita."
"595","cue","00:45:54,104","00:45:57,174","Dado, apakah penyeberangan akan berhasil?"
"596","cue","00:45:57,308","00:45:58,777","Aku meragukan itu."
"597","cue","00:45:58,909","00:46:00,311","Dan itu mungkin sajaberujung pada bencana."
"598","cue","00:46:00,444","00:46:01,979","Demi Tuhan."
"599","cue","00:46:03,114","00:46:05,282","Moshe, katakan sesuatu."
"600","cue","00:46:05,416","00:46:07,518","Tidak ada yang meragukankeberanianmu, Arik,"
"601","cue","00:46:07,652","00:46:08,851","tapi Dado benar."
"602","cue","00:46:08,985","00:46:11,322","Jika Anda menyeberang,kamu akan hancur."
"603","cue","00:46:11,455","00:46:13,658","Tidak akan ada seorang pun yang tersisauntuk menghentikan orang-orang Arab."
"604","cue","00:46:13,792","00:46:16,261","Tidak tidak! Kita harus menyerang sekarang."
"605","cue","00:46:18,262","00:46:19,830","Saya punya berita."
"606","cue","00:46:19,963","00:46:22,767","Orang Mesir akan memperbaruiofensif mereka dalam waktu dua hari."
"607","cue","00:46:22,900","00:46:25,536","Divisi 4 dan 21akan melintasi kanal"
"608","cue","00:46:25,670","00:46:27,338","dan bergabung dalam serangan itu."
"609","cue","00:46:27,471","00:46:31,843","Jika mereka menyeberang,Kairo tidak akan terlindungi."
"610","cue","00:46:31,976","00:46:33,612","Tidak ada orang yang sebodoh itu."
"611","cue","00:46:33,746","00:46:35,913","Orang Mesir membuat kesalahan besar."
"612","cue","00:46:36,046","00:46:38,249","Saya sarankan kita membiarkan mereka melakukannya."
"613","cue","00:46:38,383","00:46:41,485","Tampaknyakeputusan yang konyol."
"614","cue","00:46:41,619","00:46:45,856","Tidak, menurutku tidak."
"615","cue","00:46:45,989","00:46:50,195","Sadat pemimpin Arab pertamayang mengalahkan orang-orang Yahudi dalam pertempuran."
"616","cue","00:46:50,995","00:46:53,031","Jadi dia merasa gembira."
"617","cue","00:46:54,600","00:46:55,967","Tak terkalahkan."
"618","cue","00:46:56,101","00:46:57,369","Apakah menurut Anda beberapa bukit pasir"
"619","cue","00:46:57,502","00:46:59,203","sepanjang Terusan Suezsepertinya sudah cukup"
"620","cue","00:46:59,337","00:47:01,473","ketika gerbang Yerusalemmemberi isyarat?"
"621","cue","00:47:02,874","00:47:04,341","Mengetahui kapan Anda kalahitu gampang."
"622","cue","00:47:04,475","00:47:07,780","Mengetahui kapan Anda menangitu yang sulit. Hmm!"
"623","cue","00:47:07,912","00:47:09,514","Kita akan menunggu mereka menyeberang."
"624","cue","00:47:09,648","00:47:11,651","- Terima kasih, Bapak-bapak.- Mmm-hmm."
"625","cue","00:47:18,624","00:47:19,625","Arik."
"626","cue","00:47:20,760","00:47:22,093","Anda akan mendapatkan kesempatan Anda."
"627","cue","00:47:22,227","00:47:24,996","Dan untuk itu, mereka akanmenjadikanmu Perdana Menteri."
"628","cue","00:47:26,699","00:47:30,637","Ingat saja, semuanya bersifat politiskarir berakhir dengan kegagalan."
"629","cue","00:47:31,536","00:47:33,339","Hmm!"
"630","cue","00:48:58,258","00:49:00,060","Saya tidak akan hidup lama lagi."
"631","cue","00:49:04,866","00:49:07,235","Anda menjaga diri sendiri."
"632","cue","00:49:19,748","00:49:22,783","Aku bukan berbicara denganmusebagai atasanmu."
"633","cue","00:49:24,686","00:49:29,323","Kamu keluarga bagiku.Kamu mengerti aku?"
"634","cue","00:49:39,995","00:49:41,830","Berdasarkanperjanjian Jenewa,"
"635","cue","00:49:41,955","00:49:44,040","kedua pihakharus memberikan informasi"
"636","cue","00:49:44,166","00:49:45,792","tentang tawanan perang mereka."
"637","cue","00:49:45,917","00:49:48,118","Propaganda dari negara-negara Arab..."
"638","cue","00:49:48,142","00:49:51,102","Putra Shir hilang... sangat terungkapsedikit tentang jumlah tahanan"
"639","cue","00:49:51,590","00:49:53,049","dan orang hilang."
"640","cue","00:49:58,219","00:49:59,219","Saya akan berbicara dengannya."
"641","cue","00:49:59,287","00:50:00,321","Tidak tidak. Tidak sekarang."
"642","cue","00:50:00,454","00:50:03,090","Pertemuan dimulai."
"643","cue","00:50:03,224","00:50:04,726","Pergi. Saya akan berbicara dengannya."
"644","cue","00:50:06,227","00:50:07,461","Terima kasih."
"645","cue","00:50:36,859","00:50:40,461","Kami melintasi kanal saat fajar."
"646","cue","00:50:40,596","00:50:45,466","Seperti yang Anda lihat,tank Mesir ada di jembatan."
"647","cue","00:50:45,601","00:50:49,438","Orang-orang Mesir sedang menyeberang.Kairo tidak terlindungi."
"648","cue","00:50:49,572","00:50:52,108","Kami mendengar semuanyapada sistem penyadapan."
"649","cue","00:50:53,443","00:50:54,677","Mereka akan menyerang besok."
"650","cue","00:51:01,784","00:51:05,722","Haim, apakah kamu siap?"
"651","cue","00:51:05,855","00:51:07,155","Kita akan siap."
"652","cue","00:51:07,289","00:51:10,526","Ketika mereka menyerang,hancurkan mereka. Semoga beruntung."
"653","cue","00:51:11,327","00:51:12,629","Terima kasih."
"654","cue","00:51:12,762","00:51:15,666","Marwan benar.Bagus sekali, Zvika."
"655","cue","00:51:19,435","00:51:21,436","Konvoi Amerika ada di sini."
"656","cue","00:51:40,123","00:51:42,726","Orang Mesir jatuh tepat ke dalam perangkap kita."
"657","cue","00:51:42,860","00:51:45,261","Mereka melintasi datarandi depan kanal."
"658","cue","00:51:46,998","00:51:50,100","Tank kami sudah bersiapdi punggung bukit kecil ini,"
"659","cue","00:51:50,233","00:51:51,869","di atas punggung bukit kecil ini."
"660","cue","00:51:53,704","00:51:55,939","Dari bawah, Anda hanya bisa melihatmenara dan pistolnya."
"661","cue","00:51:56,073","00:51:59,242","Sangat sulit untuk dipukul. Sangat keras."
"662","cue","00:51:59,375","00:52:01,745","Saya telah memperkuat Divisi Bren"
"663","cue","00:52:01,879","00:52:04,015","dengan tank dariperbatasan Yordania."
"664","cue","00:52:04,149","00:52:09,253","Mereka tua dan lambat tapisenjata mereka sangat akurat."
"665","cue","00:52:19,740","00:52:21,784","Ini komandan.Saya melihat asap knalpot."
"666","cue","00:52:21,910","00:52:23,846","Orang-orang Mesir sedang bergerak.Mereka melintasi Sinai."
"667","cue","00:52:23,870","00:52:27,916","Tunggu. Jangan melepaskan tembakan sampaimereka berada dalam jarak 1.000 meter."
"668","cue","00:52:28,041","00:52:31,377","Tunggu sampai saat itu.Biarkan mereka mendekat. Semua jelas?"
"669","cue","00:52:31,502","00:52:33,588","Ini Satu. Mereka2.000 meter jauhnya. Ganti."
"670","cue","00:52:35,005","00:52:36,256","Komandan, ini Dua."
"671","cue","00:52:36,381","00:52:38,718","Saya telah mengidentifikasi gerakankearah saya."
"672","cue","00:52:39,677","00:52:42,681","Mereka terekspos.Kita bisa melumpuhkan mereka dengan mudah."
"673","cue","00:52:42,806","00:52:45,600","Ini komandan.Tembak saat saya perintahkan."
"674","cue","00:52:45,725","00:52:48,479","Tunggu merekaberada dalam jarak 1.000 meter,"
"675","cue","00:52:48,604","00:52:49,646","lalu melepaskan tembakan."
"676","cue","00:52:49,771","00:52:52,190","Semoga beruntung.Kami mengandalkan Anda."
"677","cue","00:52:54,817","00:52:56,945","Ini Dua.Jaraknya 1.500 meter"
"678","cue","00:52:57,070","00:52:58,655","dan mendekat dengan cepat."
"679","cue","00:52:58,780","00:53:00,866","Ini Tiga.1.200 meter. Ganti."
"680","cue","00:53:00,991","00:53:02,909","Stasiun Satu,bersiap untuk melepaskan tembakan."
"681","cue","00:53:03,034","00:53:07,872","Tiga, dua, satu... Tembakan!"
"682","cue","00:53:15,547","00:53:17,800","Jangan izinkan merekamengangkat kepala mereka!"
"683","cue","00:53:17,925","00:53:20,094","Ayo, tangkap mereka, tembak!Tanpa rasa takut!"
"684","cue","00:53:24,598","00:53:26,492","Komandan, ini Dua.Kami menghancurkan empat tank."
"685","cue","00:53:26,516","00:53:29,520","Komandan, ini Empat.Kami menghancurkan lima tank."
"686","cue","00:53:29,645","00:53:31,688","Ini komandan.Terus lanjut! Jangan berhenti!"
"687","cue","00:53:31,813","00:53:33,649","Tembakan langsung! Jangan biarkan merekasampai ke garis!"
"688","cue","00:53:34,817","00:53:38,571","Terus tembak. Jangan sia-siakan kesempatan."
"689","cue","00:53:38,697","00:53:40,572","Terus tembak."
"690","cue","00:53:42,658","00:53:45,160","Ini komandan.Kami akan menghabisi mereka semua."
"691","cue","00:53:45,285","00:53:48,747","Saya ulangi, semuanya!Jangan tinggalkan satu tank pun!"
"692","cue","00:53:50,207","00:53:52,501","Mereka melarikan diri.Saya melihat beberapa berjalan kaki."
"693","cue","00:53:52,626","00:53:55,255","Mereka sudah kalah.Mereka mundur."
"694","cue","00:53:55,380","00:53:56,631","Ini komandan."
"695","cue","00:53:56,756","00:54:00,343","Jangan berhenti! Jangan berhenti!Jangan biarkan mereka lari!"
"696","cue","00:54:00,468","00:54:03,345","Kebakaran dimana-mana, seluruh area!"
"697","cue","00:54:03,470","00:54:05,724","Komandan, aku mengejar merekake kanal."
"698","cue","00:54:05,849","00:54:10,519","Tetap di tempat. Jangan bergerak maju.Saya ulangi, jangan bergerak maju."
"699","cue","00:54:57,658","00:55:00,026","Yah, mereka sudah kalah."
"700","cue","00:55:00,160","00:55:01,629","Hmm."
"701","cue","00:55:01,762","00:55:03,864","Bagus sekali, semuanya.Kita telah menghancurkan mereka."
"702","cue","00:55:05,665","00:55:06,868","Mereka tidak akan menyerang lagi,"
"703","cue","00:55:07,001","00:55:09,837","tapi melintasi kanaltidak akan mudah."
"704","cue","00:55:09,971","00:55:12,405","Penyeberanganhanya mungkin di sini,"
"705","cue","00:55:12,539","00:55:15,343","di daerah Peternakan Cina,"
"706","cue","00:55:15,475","00:55:17,745","dan itu hanyalebarnya dua kilometer."
"707","cue","00:55:17,879","00:55:21,815","Ketika orang-orang Arab menyadariapa yang sedang terjadi,"
"708","cue","00:55:21,948","00:55:25,686","rahangnya akan tertutup rapatseperti buaya"
"709","cue","00:55:25,820","00:55:28,055","dan kitalah yang akan tersingkir."
"710","cue","00:55:28,189","00:55:30,457","Kita berada dalam posisi terbaikkita sudah masuk"
"711","cue","00:55:30,591","00:55:32,093","sejak pertempuran dimulai."
"712","cue","00:55:33,393","00:55:35,395","Saya pikir kita harus melakukannyaberpikirlah dengan serius"
"713","cue","00:55:35,528","00:55:37,565","tentang menerima gencatan senjata."
"714","cue","00:55:40,001","00:55:42,837","Kita sedang menghadapi aliansi yang tidak suci"
"715","cue","00:55:42,970","00:55:45,406","antara Sovietdan orang-orang Arab"
"716","cue","00:55:45,539","00:55:48,143","itu harus dikalahkan."
"717","cue","00:55:49,844","00:55:51,713","Jika musuh kita berhenti takut pada kita,"
"718","cue","00:55:51,847","00:55:55,616","mereka akan menyerang lagidan lagi dan lagi."
"719","cue","00:55:55,750","00:55:59,620","Perang ini tidak bisa berakhirdengan Sadat di Tepi Timur."
"720","cue","00:56:07,763","00:56:10,599","Bisakah Sharon membawa tanknyamelintasi kanal?"
"721","cue","00:56:12,567","00:56:15,737","Moshe, apa yang nalurimu katakan padamu?"
"722","cue","00:56:16,469","00:56:17,705","Menyeberang."
"723","cue","00:56:22,210","00:56:23,578","- Oh!- Golda."
"724","cue","00:56:24,513","00:56:26,982","Saya baik-baik saja."
"725","cue","00:56:37,926","00:56:39,928","Perdana Menteri,penyeberangan telah dimulai."
"726","cue","00:56:48,347","00:56:50,390","Semua unit, dengarkan.Kami akan masuk."
"727","cue","00:56:50,515","00:56:53,560","Maju."
"728","cue","00:56:53,685","00:56:56,005","Dan mari kita bergerak sampai kitatahu apa yang ada di sisi sana."
"729","cue","00:56:56,104","00:56:59,442","Stasiun Dua,ini komandan."
"730","cue","00:56:59,567","00:57:02,195","Kami sedang menuju masukmenuju kanal."
"731","cue","00:57:03,286","00:57:05,321","Dado, apa yang terjadi?"
"732","cue","00:57:05,455","00:57:08,458","<i>Sharon sekarang sedang menyeberangkanal dengan perahu karet.</i>"
"733","cue","00:57:08,591","00:57:12,861","<i>Uh, dia harus berjuang untuk mempertahankannyaeh, jembatan terbuka.</i>"
"734","cue","00:57:14,330","00:57:15,890","<i>Pertanian Cina.</i>Dua di sini. Tutup rutenya."
"735","cue","00:57:19,046","00:57:22,673","Kedua, mulailah menyeberangke sisi lain. Ganti."
"736","cue","00:57:22,798","00:57:25,428","Acapulco, kita berhasil!Kami telah melintasi kanal."
"737","cue","00:57:25,553","00:57:26,553","Kami berada di Afrika."
"738","cue","00:57:27,643","00:57:29,112","<i>Kami berada di Afrika, Golda.</i>"
"739","cue","00:57:29,846","00:57:31,114","<i>Kami berada di Mesir.</i>"
"740","cue","00:57:32,315","00:57:33,883","Bagus sekali, teman-teman. Bagus sekali."
"741","cue","00:57:41,625","00:57:44,145","Mereka mundur. Api besar!Ini penyergapan! Kami dikepung."
"742","cue","00:57:45,261","00:57:47,231","Mereka tidak bergerak."
"743","cue","00:57:47,699","00:57:51,443","Senjata berat menyerangseluruh Brigade. Ini jebakan."
"744","cue","00:57:51,467","00:57:52,803","Senjata berat."
"745","cue","00:57:52,936","00:57:54,147","Mereka memukul kita.Kita dilanda kebakaran besar."
"746","cue","00:57:54,171","00:57:55,839","Mereka memukul kitadengan persenjataan berat."
"747","cue","00:57:55,973","00:57:59,510","Saya mendapat laporan tentangserangan balik terhadap pasukan kita."
"748","cue","00:57:59,643","00:58:02,621","Ada kebakaran langsung di Chinese Farm.Mereka ada di belakang kita. Orang Mesir menyerang."
"749","cue","00:58:02,645","00:58:03,714","Korban."
"750","cue","00:58:03,847","00:58:06,687","Banyak korban jiwa. Gunner, letakkanamunisi di sana. Dan hancurkan mereka sekarang!"
"751","cue","00:58:06,760","00:58:09,029","Saya tidak bisa! Itu macet! Saya tidak bisa!"
"752","cue","00:58:09,053","00:58:10,454","184, apa yang terjadi?"
"753","cue","00:58:10,587","00:58:12,156","<i>Maaf, kami disergap.</i>"
"754","cue","00:58:12,856","00:58:13,891","<i>Kedengarannya tidak bagus.</i>"
"755","cue","00:58:17,187","00:58:22,526","David, masukkan amunisinyadan tembak sekarang!"
"756","cue","00:58:27,656","00:58:31,369","Aku sedang mencoba!"
"757","cue","00:58:31,494","00:58:34,997","Dia meninggal!"
"758","cue","00:58:35,122","00:58:37,250","184, apa yang terjadi?"
"759","cue","00:58:37,375","00:58:39,310","Kami dibunuh di sini.Saya baru saja kehilangan komandan saya."
"760","cue","00:58:39,334","00:58:43,964","Ini Dua. Tunggu dengan sabar.Tunggu di bunker."
"761","cue","00:58:44,089","00:58:46,049","Mereka menembaki kita! Membunuh kita."
"762","cue","00:58:46,174","00:58:48,052","Ini satu."
"763","cue","00:58:48,177","00:58:50,930","Tetap tenang, kami akan memberi Anda bantuan."
"764","cue","00:58:51,055","00:58:54,559","Kami membutuhkan bantuan sekarang!Kami dikelilingi oleh orang Mesir."
"765","cue","00:58:54,684","00:58:56,728","Isi ulang senjatanya dengan cepat!Ayo sekarang!"
"766","cue","00:58:56,853","00:58:59,772","Saya tidak bisa! Itu macet!Itu tidak akan masuk!"
"767","cue","00:58:59,897","00:59:02,108","Mereka datang! Muat ulang sekarang!"
"768","cue","00:59:02,232","00:59:05,153","Saya tidak bisa! Saya mencoba. Saya mencoba!"
"769","cue","00:59:31,804","00:59:33,272","Apa beritanya?"
"770","cue","00:59:33,405","00:59:36,674","Terjadi pertempuran sengitdi sekitar Peternakan Cina."
"771","cue","00:59:36,808","00:59:38,377","Tapi jembatannya aman."
"772","cue","00:59:40,078","00:59:42,882","Sharon memiliki 30 tankdi tepi barat."
"773","cue","00:59:43,015","00:59:45,017","Kami sedang membangun jembatan ponton."
"774","cue","00:59:46,285","00:59:48,287","Divisi Brenharus segera menyeberang."
"775","cue","00:59:48,988","00:59:51,857","Bagus sekali. Dan korbannya?"
"776","cue","01:00:00,032","01:00:01,233","Tiga ratus orang tewas."
"777","cue","01:00:01,967","01:00:03,169","Dan masih banyak lagi yang akan bertambah."
"778","cue","01:00:48,248","01:00:49,249","Halo?"
"779","cue","01:00:53,919","01:00:55,121","Halo?"
"780","cue","01:01:12,973","01:01:14,941","Halo? Siapa disana?"
"781","cue","01:01:15,942","01:01:17,144","Siapa disana?"
"782","cue","01:01:25,785","01:01:26,953","Halo? Siapa ini?"
"783","cue","01:01:31,592","01:01:32,592","Halo?"
"784","cue","01:01:37,798","01:01:39,900","Hentikan! Hentikan!"
"785","cue","01:01:46,841","01:01:48,975","Berhenti! Berhenti!"
"786","cue","01:02:11,198","01:02:13,603","Tahukah Anda berapa banyak orang yang meninggal"
"787","cue","01:02:13,736","01:02:15,370","karena penyeberangan itu?"
"788","cue","01:02:16,738","01:02:18,440","Pada tanggal 14?"
"789","cue","01:02:23,110","01:02:25,346","Tujuh ratus orang tewas atau hilang."
"790","cue","01:02:25,479","01:02:29,184","Sekitar 2.000 orang terluka."
"791","cue","01:02:29,318","01:02:32,454","Dan sekitar 300 orang menjadi tawanan."
"792","cue","01:02:33,288","01:02:35,591","Aku menghitung semuanya,Pak Ketua."
"793","cue","01:02:35,725","01:02:37,526","Semuanya."
"794","cue","01:02:39,827","01:02:41,029","Percayalah kepadaku."
"795","cue","01:02:47,670","01:02:48,970","<i>Dado, kita dimana?</i>"
"796","cue","01:02:49,104","01:02:53,141","Bren ingin memotong Suezdari jalan Kairo"
"797","cue","01:02:53,275","01:02:55,143","di suatu tempat dekat sini.Kilometer 101."
"798","cue","01:02:55,277","01:02:59,481","Maksudmu seluruh Tentara Ketigaakan terputus?"
"799","cue","01:02:59,615","01:03:00,849","Ya."
"800","cue","01:03:02,117","01:03:04,086","Tidak ada airdi Tepi Timur."
"801","cue","01:03:05,220","01:03:06,555","Itu tidak akan bertahan lama."
"802","cue","01:03:09,525","01:03:11,360","Kita akan mencekik Sadat."
"803","cue","01:03:12,795","01:03:14,397","Dia harus bernegosiasi."
"804","cue","01:03:14,530","01:03:16,932","Berapa banyak orang di Angkatan Darat Ketiga?"
"805","cue","01:03:17,065","01:03:18,433","Sekitar 30.000."
"806","cue","01:03:21,704","01:03:25,341","Anda ingin saya membuat pasukandari para janda dan anak yatim piatu."
"807","cue","01:03:27,443","01:03:29,178","Apakah Anda siap melakukan itu?"
"808","cue","01:03:31,881","01:03:33,617","Dunia harus percaya saya."
"809","cue","01:03:33,751","01:03:35,652","- Perdana Menteri?- Hmm."
"810","cue","01:03:47,564","01:03:49,399","<i>Pesawat Henry Kissinger</i>"
"811","cue","01:03:49,532","01:03:51,501","<i>mendarat diBandara Internasional Lod</i>"
"812","cue","01:03:51,635","01:03:54,103","<i>di Tel Aviv sore ini.</i>"
"813","cue","01:03:54,237","01:03:55,639","<i>Kissinger disambutdi bandara</i>"
"814","cue","01:03:55,773","01:03:57,641","<i>oleh delegasi kecilpejabat</i>"
"815","cue","01:03:57,775","01:03:59,710","<i>sebelum masuk ke dalammobil yang menunggu</i>"
"816","cue","01:03:59,843","01:04:02,111","<i>dan didesak untuk bertemudengan Perdana Menteri Israel,</i>"
"817","cue","01:04:02,245","01:04:03,447","<i>Golda Meir.</i>"
"818","cue","01:04:06,417","01:04:08,552","<i>Pertemuan itu terjadidi rumah Meir di Tel Aviv.</i>"
"819","cue","01:04:08,686","01:04:11,454","<i>Dan mereka pasti akan berdiskusiperjanjian gencatan senjata</i>"
"820","cue","01:04:11,588","01:04:14,091","<i>antara Israeldan tetangga Arabnya.</i>"
"821","cue","01:04:27,938","01:04:29,972","Selamat datang di Israel,Pak Menlu."
"822","cue","01:04:30,106","01:04:32,209","Terima kasih, Nyonya Perdana Menteri."
"823","cue","01:04:33,143","01:04:34,944","Jadi ini Jenderal Elazar,"
"824","cue","01:04:35,077","01:04:36,681","- Kepala Staf kami.- Jenderal Elazar."
"825","cue","01:04:36,815","01:04:40,551","Jenderal Zeira,Kepala Intelijen Militer."
"826","cue","01:04:40,685","01:04:43,354","- Senang bertemu denganmu.- Zvi Zamir, Kepala Mossad."
"827","cue","01:04:43,487","01:04:45,623","Dan tentu saja Moshe Dayan."
"828","cue","01:04:45,757","01:04:48,093","- Halo, Moshe.- Menteri Pertahanan."
"829","cue","01:05:01,539","01:05:02,574","Oh."
"830","cue","01:05:13,852","01:05:17,055","- Terima kasih sudah datang, Henry.- Tentu saja."
"831","cue","01:05:18,990","01:05:21,493","- Apa kau lapar?- Tidak terima kasih."
"832","cue","01:05:22,695","01:05:25,529","Pengurus rumah tanggaku, Leah,membuat borscht."
"833","cue","01:05:25,663","01:05:27,465","Tidak tidak. Tolong, eh..."
"834","cue","01:05:27,600","01:05:30,300","yang diberikan Rusia padakudua makan malam besar tadi malam,"
"835","cue","01:05:30,434","01:05:31,871","satu demi satu."
"836","cue","01:05:32,003","01:05:35,173","Dan sejujurnya aku merasakannyasedikit, eh, tidak nyaman."
"837","cue","01:05:35,306","01:05:37,978","Ah, orang-orang Rusia itu.Ini semua tentang strategi."
"838","cue","01:05:38,110","01:05:39,544","Ayo, duduk."
"839","cue","01:05:39,678","01:05:41,814","Anda tahu, mereka menggangguperalatan komunikasi"
"840","cue","01:05:41,947","01:05:43,315","di pesawatku."
"841","cue","01:05:43,450","01:05:47,686","Hmm, tentu saja. Orang-orang Rusia itu."
"842","cue","01:05:47,820","01:05:51,222","Mereka tidak membawa apa punkecuali kesengsaraan bagi dunia."
"843","cue","01:05:51,356","01:05:53,191","Biasanya,Saya setuju dengan anda."
"844","cue","01:05:53,324","01:05:54,794","Tentu saja ada Tolstoy."
"845","cue","01:05:54,928","01:05:56,295","Hmm! Dan Dostoyevsky."
"846","cue","01:05:56,428","01:05:59,599","Kesengsaraan di setiap halaman."
"847","cue","01:05:59,733","01:06:01,534","Tidak, tolong. Terima kasih."
"848","cue","01:06:01,668","01:06:03,535","Kamu harus memakannya, Henry."
"849","cue","01:06:03,669","01:06:05,137","Dia orang yang selamat."
"850","cue","01:06:06,705","01:06:08,273","Ah. Hmm."
"851","cue","01:06:12,177","01:06:13,379","Selamat Menikmati."
"852","cue","01:06:23,023","01:06:24,223","Hmm."
"853","cue","01:06:29,996","01:06:32,064","Hmm, itu sangat enak. Terima kasih."
"854","cue","01:06:43,877","01:06:45,244","Terima kasih, Lea."
"855","cue","01:06:54,421","01:06:57,591","Nyonya Perdana Menteri,dalam hal kerja sama kita,"
"856","cue","01:06:57,724","01:06:59,325","Saya pikir ini pentingyang kamu ingat"
"857","cue","01:06:59,458","01:07:01,928","bahwa saya pertama-tama orang Amerika,"
"858","cue","01:07:02,062","01:07:03,763","kedua, saya Menteri Luar Negeri,"
"859","cue","01:07:03,897","01:07:05,666","dan ketiga, saya seorang Yahudi."
"860","cue","01:07:05,800","01:07:09,837","Anda lupa bahwa di Israel,kita membaca dari kanan ke kiri."
"861","cue","01:07:13,173","01:07:15,909","Tentu saja."
"862","cue","01:07:16,042","01:07:18,478","- Apakah kamu baik-baik saja?- Maaf."
"863","cue","01:07:22,282","01:07:23,584","Anda tampak lelah."
"864","cue","01:07:24,317","01:07:26,754","Ini waktu yang sulit bagimu."
"865","cue","01:07:26,887","01:07:30,057","Kami sudah sedekat iniuntuk dikalahkan, Henry."
"866","cue","01:07:30,190","01:07:31,391","Hmm."
"867","cue","01:07:34,829","01:07:38,198","Presiden Nixonmengirimkan salamnya."
"868","cue","01:07:38,331","01:07:40,668","Saat dia minum,dia berbicara tentang kamu."
"869","cue","01:07:40,801","01:07:43,104","Namaku pastidi bibirnya sepanjang waktu."
"870","cue","01:07:47,341","01:07:50,112","Golda, OPEC telah menyatakanAmerika Serikat"
"871","cue","01:07:50,244","01:07:52,114","negara yang menjadi musuh utama."
"872","cue","01:07:52,246","01:07:53,981","Saudi telah menghentikan produksi minyak kami"
"873","cue","01:07:54,115","01:07:55,282","dan harga minyak mentah melonjak"
"874","cue","01:07:55,416","01:07:58,119","empat dolar menjadi 12 dolar per barel, jadi..."
"875","cue","01:07:58,251","01:07:59,787","Anda bisa melihatnyarakyat Amerika"
"876","cue","01:07:59,920","01:08:03,357","akan membayar harga yang mahaluntuk mendukung Israel."
"877","cue","01:08:04,425","01:08:07,863","Itu sebabnya kita membutuhkanperjanjian gencatan senjata."
"878","cue","01:08:12,734","01:08:15,169","Ya, hal pertama yang utama."
"879","cue","01:08:15,302","01:08:17,873","Ini daftardari setiap tawanan perang."
"880","cue","01:08:18,006","01:08:20,575","Kami telah menangkap sekitar 9.000 orang."
"881","cue","01:08:22,209","01:08:27,248","Bukan Assad atau Sadatkurang peduli dengan tentara mereka."
"882","cue","01:08:27,381","01:08:29,918","Saya ingin daftardari setiap tawanan perang,"
"883","cue","01:08:30,052","01:08:32,954","tanggal kepulangan merekadan pengembalian jenazah."
"884","cue","01:08:33,088","01:08:35,489","Brezhnev meyakinkan sayadia akan berbicara dengan Sadat."
"885","cue","01:08:35,624","01:08:39,427","Aku butuh jaminan, Henry.Dan satu dari Assad."
"886","cue","01:08:39,561","01:08:42,665","Dia yang terburuk.Kuku-kukunya dicabut."
"887","cue","01:08:42,799","01:08:45,333","tentara kami pulangdalam keadaan berkeping-keping."
"888","cue","01:08:46,636","01:08:48,804","Negara ini trauma."
"889","cue","01:08:48,937","01:08:51,841","Jenderal saya memohon kepada sayauntuk menduduki Kairo."
"890","cue","01:08:51,974","01:08:54,542","Sharon seperti seekor anjingdengan tali."
"891","cue","01:08:54,676","01:08:56,478","Jika Anda melakukan itu,kamu akan sendirian."
"892","cue","01:08:56,612","01:08:59,414","Kepentingan jangka panjang Israeltidak akan dilayani"
"893","cue","01:08:59,548","01:09:03,086","oleh putusnyahubungan kita, Golda."
"894","cue","01:09:03,218","01:09:06,055","Sadat sudah menyetujuiketentuan gencatan senjata."
"895","cue","01:09:06,189","01:09:09,558","Tentu saja dia setuju!Dia berada di ambang kekalahan!"
"896","cue","01:09:10,459","01:09:12,661","Ini akan memberinya kesempatanuntuk mengumpulkan kekuatan kembali."
"897","cue","01:09:15,397","01:09:17,166","Anda satu-satunya orangdalam dunia"
"898","cue","01:09:17,299","01:09:20,368","yang mungkin bisa mengertiapa yang sedang saya alami."
"899","cue","01:09:20,502","01:09:25,174","Ya, aku tahu perasaanmu,tapi kita perlu gencatan senjata."
"900","cue","01:09:25,307","01:09:27,309","Saya pikir kita teman,Henry."
"901","cue","01:09:27,442","01:09:29,478","Kami akan selalu melindungi Israel."
"902","cue","01:09:32,347","01:09:34,050","Seperti yang kamu lakukan di tahun '48?"
"903","cue","01:09:34,183","01:09:37,487","Kami harus mendapatkan senjata kamidari Stalin. Stalin!"
"904","cue","01:09:38,921","01:09:41,692","Kelangsungan hidup kamitidak ada dalam bantuanmu."
"905","cue","01:09:41,825","01:09:44,493","Jika kami harus melakukannya,kami akan bertarung sendirian."
"906","cue","01:09:48,430","01:09:51,501","Aku, eh, singgah di London"
"907","cue","01:09:51,635","01:09:53,737","selama beberapa jam dalam perjalanan pulang."
"908","cue","01:09:54,504","01:09:55,806","Saya harus tiba di Washington"
"909","cue","01:09:55,939","01:09:57,875","sekitar jam 9:00 pagi.besok pagi,"
"910","cue","01:09:58,008","01:09:59,475","waktumu."
"911","cue","01:09:59,610","01:10:02,377","Saat saya harus mengumumkangencatan senjata."
"912","cue","01:10:03,847","01:10:07,382","Itu akan memberi Andawaktu 18 jam ..."
"913","cue","01:10:09,219","01:10:10,419","mengamankan jalur suplai Anda."
"914","cue","01:10:10,553","01:10:13,023","Tapi aku memperingatkanmu, Golda."
"915","cue","01:10:13,157","01:10:14,959","Segala upaya untuk mengepungTentara Ketiga"
"916","cue","01:10:15,093","01:10:16,669","akan membawa Sovietke dalam konflik,"
"917","cue","01:10:16,693","01:10:18,629","- Apakah kamu mengerti?- Saya mengerti."
"918","cue","01:10:18,762","01:10:23,366","Atas dasar itu, Israel jugamenyetujui gencatan senjata?"
"919","cue","01:10:24,400","01:10:26,435","Saya punya waktu 18 jam."
"920","cue","01:10:29,472","01:10:30,775","Kalau begitu, ya."
"921","cue","01:10:34,678","01:10:35,947","Terima kasih untuk borschtnya."
"922","cue","01:10:44,888","01:10:45,889","Semoga beruntung, Golda."
"923","cue","01:11:51,790","01:11:53,592","Golda,mereka ingin melihat wajahmu."
"924","cue","01:11:55,294","01:11:57,996","Ya, mereka harus melakukannyamelakukannya tanpa wajahku."
"925","cue","01:11:59,397","01:12:02,201","Tidak, ini tidak mungkin.Ayo."
"926","cue","01:12:02,668","01:12:04,204","TIDAK."
"927","cue","01:12:04,337","01:12:07,373","Golda, aku minta maaf, tapi aku harusmengeluarkanmu dari tempat tidur ini."
"928","cue","01:12:08,974","01:12:10,143","Satu dua tiga."
"929","cue","01:12:11,710","01:12:13,544","Aku tidak bisa, aku... Tidak."
"930","cue","01:12:14,346","01:12:15,781","Tidak. Itu menyakitkan."
"931","cue","01:12:15,915","01:12:17,448","- Aku tahu itu menyakitkan.- Itu menyakitkan."
"932","cue","01:12:17,583","01:12:19,618","Aku tahu. aku akan membantumu."
"933","cue","01:12:20,921","01:12:23,723","Aku berjanji akan menempatkanmudi helikopter ini. Ayo."
"934","cue","01:12:26,458","01:12:29,795","Baiklah. Anda memberi mereka harapan.Mereka perlu melihat wajah Anda."
"935","cue","01:12:41,066","01:12:43,026","Perdana Menteri Golda Meir"
"936","cue","01:12:43,152","01:12:45,821","mengunjungi para prajuritdi garis depan pagi ini,"
"937","cue","01:12:45,946","01:12:48,866","sambil mengenakan sepatunya yang terkenal"
"938","cue","01:12:48,991","01:12:52,035","yang dikenal saat inisebagai ""sepatu Golda""."
"939","cue","01:12:52,160","01:12:53,828","Dia membuka koran,"
"940","cue","01:12:53,953","01:12:56,373","membaca setiap halaman."
"941","cue","01:12:57,249","01:13:00,879","Ini Perdana Menteri kita dalamkunjungan pertama ke Mesir."
"942","cue","01:13:01,004","01:13:04,882","Dia berdiri dan melihat keluardengan sedikit kegembiraan."
"943","cue","01:13:09,011","01:13:11,013","Kami sepenuhnya yakin"
"944","cue","01:13:11,138","01:13:14,183","menguasai tanah gurun yang luaskami telah menaklukkannya."
"945","cue","01:13:14,308","01:13:16,728","Tanah ini menciptakanpemisahan yang lengkap"
"946","cue","01:13:16,853","01:13:19,147","diantara kitadan prajurit Angkatan Darat Ketiga"
"947","cue","01:13:19,272","01:13:21,983","yang melintasi kanal,dan bergerak ke arah kita."
"948","cue","01:13:24,902","01:13:27,322","Wajahnya menunjukkan kesedihan."
"949","cue","01:13:27,447","01:13:30,782","Dia sepertinya sadarbesarnya biaya yang ditanggung dalam kehidupan manusia"
"950","cue","01:13:30,908","01:13:32,492","disebabkan oleh penyeberangan kanal."
"951","cue","01:13:43,212","01:13:46,216","Pertama kalinyadi wilayah Mesir."
"952","cue","01:13:46,341","01:13:47,925","Dia disambut oleh banyak tentara."
"953","cue","01:13:48,050","01:13:50,261","- Semua yang terbaik untukmu.- Hai."
"954","cue","01:13:50,386","01:13:54,682","- Hei, hei.- Tunggu, teman-teman."
"955","cue","01:13:54,807","01:13:57,018","Para prajuritdi bukit pasir di sekitarnya"
"956","cue","01:13:57,143","01:13:59,854","sedang menunggu dengan sabaruntuk foto bersama."
"957","cue","01:13:59,979","01:14:02,523","Nyonya Meirjuga menunggu dengan sabar,"
"958","cue","01:14:02,649","01:14:05,652","sampai fotografer akhirnyabisa mengabadikan momen spesial ini."
"959","cue","01:14:05,777","01:14:09,864","Para prajurit yang mengelilinginyamembuat dia tidak punya pilihan."
"960","cue","01:14:09,989","01:14:11,909","- Saat kamu bergerak...- Dengan lembut."
"961","cue","01:14:12,034","01:14:15,828","Kami sudah mengepungTentara Ketiga pada saat itu,"
"962","cue","01:14:15,954","01:14:18,666","dan kita bisa memusnahkan mereka"
"963","cue","01:14:18,791","01:14:21,376","dan menghancurkan mereka."
"964","cue","01:14:21,501","01:14:23,170","benar-benar menghancurkan."
"965","cue","01:14:23,295","01:14:25,964","IDF memimpin,sampai kami disuruh berhenti."
"966","cue","01:14:26,981","01:14:28,850","Kita, menurut logika kita,"
"967","cue","01:14:28,984","01:14:30,619","dan menurut saya logika itu,"
"968","cue","01:14:30,752","01:14:33,021","jika ada yang bisa mengatakan logika itumasuk akal,"
"969","cue","01:14:33,155","01:14:35,123","memerintahkan kita berdiri seperti ini"
"970","cue","01:14:35,257","01:14:37,659","dan mereka berdiri di sinidan kami berdiri di sana"
"971","cue","01:14:37,793","01:14:40,362","dan mereka berdiri di sanadan kami berdiri di sini"
"972","cue","01:14:40,495","01:14:43,197","dan semuanya menjadi kacau."
"973","cue","01:14:45,734","01:14:48,637","Oh terima kasih."
"974","cue","01:14:50,005","01:14:53,508","Bagus. Tidak, jadi katakanlah begitumasih belum ada kedamaian."
"975","cue","01:14:53,642","01:14:55,277","Tapi sampai saat itu..."
"976","cue","01:15:02,684","01:15:04,286","Ini kemewahan."
"977","cue","01:15:06,121","01:15:07,857","Sungguh menyenangkan. Ini nepotisme!"
"978","cue","01:15:09,425","01:15:10,652","- Salam untuk kalian semua.<i>- Ayolah!</i>"
"979","cue","01:15:10,676","01:15:12,219","Di penghujung hari yang melelahkan,"
"980","cue","01:15:12,345","01:15:14,764","Golda mengucapkan selamat tinggalkepada para prajurit..."
"981","cue","01:15:14,889","01:15:16,849","dan menaiki helikopterkembali ke Tel Aviv"
"982","cue","01:15:16,974","01:15:18,560","untuk mengurusurusan negara."
"983","cue","01:15:22,504","01:15:24,707","Aku baru saja mendapat kabar bahwa Bren"
"984","cue","01:15:24,841","01:15:27,009","telah memotong jalan Suez ke Kairo."
"985","cue","01:15:28,177","01:15:30,646","Tentara Ketiga Mesirsepenuhnya dikepung."
"986","cue","01:15:32,115","01:15:33,982","Sekretaris Kissingermenghubungi."
"987","cue","01:15:34,951","01:15:36,319","Anda mendapatkan Sadat"
"988","cue","01:15:36,452","01:15:37,820","di tenggorokannya, Golda."
"989","cue","01:15:41,224","01:15:42,291","Pak Menlu?"
"990","cue","01:15:42,425","01:15:44,327","Anda harus membukakoridor kemanusiaan"
"991","cue","01:15:44,460","01:15:46,330","ke Tentara Ketiga, Golda."
"992","cue","01:15:46,463","01:15:49,398","<i>Kami tidak bisa mengizinkan 30.000 orangmati kehausan.</i>"
"993","cue","01:15:49,532","01:15:53,836","Kami akan mengirimkan mereka air.Kapan kami mendapatkan tahanan kami kembali."
"994","cue","01:15:53,970","01:15:55,238","<i>Saya akan mencoba mengaturnya...</i>"
"995","cue","01:15:55,371","01:16:00,009","Dan Sadat setujuuntuk melakukan pembicaraan dengan Israel."
"996","cue","01:16:00,910","01:16:03,747","Bukan Entitas Zionis."
"997","cue","01:16:03,881","01:16:05,082","Israel."
"998","cue","01:16:05,215","01:16:07,316","Itu sama saja dengan pengakuan."
"999","cue","01:16:07,450","01:16:10,388","- Ya.<i>- Dia tidak akan pernah menyetujui hal itu.</i>"
"1000","cue","01:16:10,520","01:16:12,188","Dunia Arab akan berbalik melawannya."
"1001","cue","01:16:12,321","01:16:16,292","Jika dia tidak melakukannya, aku akan melakukannyamemerintahkan pesawatku untuk menyerang."
"1002","cue","01:16:16,425","01:16:18,661","Semua pria itu akan mati."
"1003","cue","01:16:19,296","01:16:20,697","Mereka semua."
"1004","cue","01:16:20,831","01:16:23,151","Penghancuran Tentara Ketigaakan memaksa Sadat turun dari kekuasaan."
"1005","cue","01:16:23,267","01:16:25,169","Dia akan digantung di Tahrir Square."
"1006","cue","01:16:25,302","01:16:28,372","Ya, pemikiran ituharus memfokuskan pikirannya."
"1007","cue","01:16:28,505","01:16:30,841","<i>Dan dia akan digantikanoleh seorang garis keras Soviet.</i>"
"1008","cue","01:16:30,974","01:16:33,076","<i>Anda mengetahui hal ini sebaik saya.</i>"
"1009","cue","01:16:33,210","01:16:36,046","<i>Maksudmu orang gila yang bertekadmenghancurkan Israel?</i>"
"1010","cue","01:16:36,180","01:16:39,049","Rusia berada dalam kewaspadaan tinggi."
"1011","cue","01:16:39,183","01:16:41,319","Mereka sedang menyiapkanDivisi11 Lintas Udara."
"1012","cue","01:16:41,452","01:16:43,820","- Apakah kamu mengerti?<i>- Kamu pikir aku tidak mengetahuinya?</i>"
"1013","cue","01:16:43,954","01:16:46,925","Biarkan aku memberitahu Andatentang Rusia, Henry."
"1014","cue","01:16:48,225","01:16:51,828","Ketika saya masih kecil di Ukraina,pada waktu Natal, ayahku"
"1015","cue","01:16:51,962","01:16:53,631","<i>akan menutup jendela</i>"
"1016","cue","01:16:53,764","01:16:55,132","<i>- dari rumah kami...</i>- Golda."
"1017","cue","01:16:55,265","01:16:56,800","Untuk melindungi kita dari Cossack"
"1018","cue","01:16:56,934","01:16:59,370","yang akan mabukdan menyerang orang-orang Yahudi."
"1019","cue","01:17:01,138","01:17:05,176","Mereka akan memukuli orang-orang Yahudi sampai matidi jalan untuk bersenang-senang."
"1020","cue","01:17:05,310","01:17:08,078","Ayahku akan menyembunyikan kamidi ruang bawah tanah."
"1021","cue","01:17:08,880","01:17:10,181","Dan kami akan tetap diam,"
"1022","cue","01:17:10,315","01:17:12,849","berharap para pembunuhakan melewati kita."
"1023","cue","01:17:16,689","01:17:18,456","Wajah ayahku, Henry."
"1024","cue","01:17:19,090","01:17:21,893","<i>Saya tidak akan pernah melupakan wajah itu.</i>"
"1025","cue","01:17:22,026","01:17:25,496","<i>Yang dia inginkan hanyalahuntuk melindungi tentara-tentaranya.</i>"
"1026","cue","01:17:26,497","01:17:30,300","Aku bukan gadis kecil itu yangbersembunyi di ruang bawah tanah!"
"1027","cue","01:17:30,434","01:17:32,904","Jadi, sekarang kamu akan bertarungdengan Rusia juga, ya?"
"1028","cue","01:17:33,037","01:17:34,673","<i>Kau harus memilih, Henry.</i>"
"1029","cue","01:17:34,806","01:17:40,545","Berpihak padaku atau aku akan menciptakansepasukan anak yatim dan janda."
"1030","cue","01:17:40,679","01:17:44,115","- Ini bukan cara untuk...<i>- Aku akan membantai mereka semua.</i>"
"1031","cue","01:17:44,249","01:17:46,184","<i>Kamu berada di pihak siapa?</i>"
"1032","cue","01:17:46,317","01:17:48,253","<i>- Anda harus memilih.</i>- Golda."
"1033","cue","01:17:48,386","01:17:51,289","Tolong dipikirkan.Selamat tinggal, Pak Menlu."
"1034","cue","01:19:13,106","01:19:14,742","Pak Menlu?"
"1035","cue","01:19:14,873","01:19:16,485","<i>Sadat menginginkanmuuntuk mengirim Kepala Staf Anda</i>"
"1036","cue","01:19:16,509","01:19:19,813","<i>ke persimpangandi jalan Suez-Kairo.</i>"
"1037","cue","01:19:19,945","01:19:22,048","<i>Kilometer 101. Tahukah Anda?</i>"
"1038","cue","01:19:22,182","01:19:25,285","Kami merebutnya beberapa hari yang lalu. Kapan?"
"1039","cue","01:19:25,418","01:19:28,888","<i>- Saat fajar.</i>- Dan... orang Rusia?"
"1040","cue","01:19:29,690","01:19:30,890","<i>Mereka sedang menonton.</i>"
"1041","cue","01:19:33,160","01:19:36,062","<i>- Semoga berhasil, Golda.</i>- Terima kasih, Henry."
"1042","cue","01:19:41,076","01:19:42,995","Pertemuan sudah selesai."
"1043","cue","01:19:43,120","01:19:45,540","Dado meninggalkan tenda,"
"1044","cue","01:19:45,665","01:19:49,127","diikuti oleh Komandan orang Mesir, Jenderal Gamasy."
"1045","cue","01:19:49,252","01:19:52,254","Mereka berdua bergegasuntuk melapor kepada pemimpinnya"
"1046","cue","01:19:52,379","01:19:55,008","tentang peristiwa penting tersebuthari ini."
"1047","cue","01:20:09,230","01:20:10,463","Ya?"
"1048","cue","01:20:10,598","01:20:11,733","<i>Bisakah kamu mendengarku?</i>"
"1049","cue","01:20:11,867","01:20:13,367","Ya, Dado. Bicaralah."
"1050","cue","01:20:13,501","01:20:15,435","<i>Saya mendapat pesan dari Sadat.</i>"
"1051","cue","01:20:19,440","01:20:21,542","<i>Dia menawarkan pembicaraan langsung.</i>"
"1052","cue","01:20:21,676","01:20:23,613","<i>Dan pertukaran tawanan perang.</i>"
"1053","cue","01:20:23,746","01:20:26,280","<i>Dia telah memberikan Palang Merahdaftar nama.</i>"
"1054","cue","01:20:26,414","01:20:27,784","<i>Dia merujuk padamu</i>"
"1055","cue","01:20:27,916","01:20:30,184","<i>sebagai Perdana MenteriIsrael, Golda.</i>"
"1056","cue","01:20:30,317","01:20:33,454","Dia menggunakan kata itu, ""Israel""?"
"1057","cue","01:20:33,588","01:20:35,990","<i>Ya. Israel.</i>"
"1058","cue","01:20:37,391","01:20:39,227","<i>Dia mengakui Israel.</i>"
"1059","cue","01:20:42,097","01:20:44,466","Beritahu Jenderal Gamasy"
"1060","cue","01:20:44,600","01:20:49,336","yang kita menyabut kata-kata baikPresiden Sadat."
"1061","cue","01:21:14,664","01:21:15,964","Bagus sekali, Golda."
"1062","cue","01:21:18,167","01:21:19,367","Terima kasih."
"1063","cue","01:21:27,209","01:21:28,477","Permisi."
"1064","cue","01:21:46,763","01:21:48,029","Aku tahu tatapan itu."
"1065","cue","01:21:50,901","01:21:55,271","Sistem penyadap itu tidak dinyalakan."
"1066","cue","01:21:55,404","01:21:57,006","Itu sebabnya intelijen militer"
"1067","cue","01:21:57,139","01:21:59,242","tidak mendengar sinyal perang."
"1068","cue","01:22:01,176","01:22:03,079","Ini tidak mungkin benar."
"1069","cue","01:22:04,313","01:22:06,581","Zeira menyalakannyauntuk beberapa jam"
"1070","cue","01:22:06,716","01:22:10,319","pada hari Kamis tanggal 4,tapi itu tes teknis."
"1071","cue","01:22:10,453","01:22:12,656","Tidak ada satupun garisnyadipantau."
"1072","cue","01:22:12,790","01:22:17,426","Kemudian dimatikan lagisampai hari Sabtu tanggal 6."
"1073","cue","01:22:18,294","01:22:20,731","- Perang pecah pagi.- Tidak."
"1074","cue","01:22:23,800","01:22:26,269","Zeira mencegat kabel"
"1075","cue","01:22:26,402","01:22:28,271","dari Irak hingga Rusia"
"1076","cue","01:22:28,404","01:22:31,441","memberitahu mereka perang ituakan segera dimulai."
"1077","cue","01:22:31,575","01:22:34,377","- Tapi dia menyimpannya untuk dirinya sendiri.- Mengapa?"
"1078","cue","01:22:36,915","01:22:38,247","Siapa yang suka berbuat salah?"
"1079","cue","01:22:44,487","01:22:48,258","Sistem penyadapanharus dirahasiakan."
"1080","cue","01:22:49,393","01:22:52,262","Tidak seorang pun boleh tahu tentang ini."
"1081","cue","01:22:53,297","01:22:54,832","Anda akan disalahkan?"
"1082","cue","01:22:58,068","01:22:59,604","Aku akan mempertahankan ingatanmu."
"1083","cue","01:23:00,971","01:23:02,538","Saya berjanji itu kepada Anda."
"1084","cue","01:23:53,458","01:23:55,226","Golda, lihat itu."
"1085","cue","01:27:26,943","01:27:30,613","Ayolah, Golda.Anda tidak bisa tinggal di sini sepanjang malam."
"1086","cue","01:27:32,048","01:27:33,414","Ini dingin. Pulang."
"1087","cue","01:28:21,530","01:28:23,967","Terima kasih, Nyonya Perdana Menteri."
"1088","cue","01:28:24,101","01:28:25,501","Itu saja."
"1089","cue","01:28:26,469","01:28:27,905","Terima kasih, Pak Ketua."
"1090","cue","01:28:39,983","01:28:42,986","Naluriku memberitahukuperang itu akan datang."
"1091","cue","01:28:45,255","01:28:46,757","Tapi aku mengabaikannya."
"1092","cue","01:28:48,591","01:28:50,827","Saya seharusnya melakukan mobilisasimalam itu."
"1093","cue","01:28:53,664","01:28:55,498","Semua tentara yang meninggal,"
"1094","cue","01:28:55,632","01:28:58,202","Aku akan menanggung rasa sakit ituke kuburanku."
"1095","cue","01:29:01,338","01:29:04,441","Tolong, jangan menuliskannya."
"1096","cue","01:29:25,964","01:29:27,265","<i>Selamat malam semuanya.</i>"
"1097","cue","01:29:27,398","01:29:29,700","<i>Ini Laura Steindi Washington.</i>"
"1098","cue","01:29:29,833","01:29:31,501","<i>Tepat satu tahun yang lalu</i>"
"1099","cue","01:29:31,636","01:29:34,471","<i>menandai untuk pertama kalinyaPerdana Menteri, Golda Meir,</i>110101:29:34,605 ??--> 01:29:38,209<i>bertemu dengan Presiden MesirAnwar Sadat bertatap muka.</i>"
"1100","cue","01:29:38,343","01:29:40,745","<i>Mari kita lihat ke belakangpada momen monumental ini</i>"
"1101","cue","01:29:40,878","01:29:43,881","<i>yang membentuk perjanjian damaiantara Israel dan Mesir</i>"
"1102","cue","01:29:44,015","01:29:46,150","<i>yang akan ditandatangani hari ini juga.</i>"
"1103","cue","01:29:46,284","01:29:48,252","<i>Ketika ditanya beberapa tahun yang lalu...</i>"
"1104","cue","01:29:49,754","01:29:53,125","<i>Kapan menurutku perdamaian akan datang,</i>"
"1105","cue","01:29:53,258","01:29:57,061","<i>""Aku berkata, ""Tanggalnya,Saya tidak tahu.</i>"
"1106","cue","01:29:57,195","01:30:00,232","<i>""Tapi aku tahu di bawah apakondisi itu akan datang.""</i>"
"1107","cue","01:30:00,365","01:30:02,867","<i>""Akan ada pemimpin yang hebat.""</i>"
"1108","cue","01:30:03,602","01:30:05,970","<i>""Dia akan bangun suatu pagi""</i>"
"1109","cue","01:30:06,104","01:30:09,942","<i>""dan merasa kasihanuntuk bangsanya sendiri,""</i>"
"1110","cue","01:30:10,075","01:30:13,511","<i>""untuk tentara-tentaranya sendiriyang gugur dalam pertempuran.""</i>"
"1111","cue","01:30:13,645","01:30:16,215","<i>""Hari itu akan menjadi permulaan""</i>"
"1112","cue","01:30:16,348","01:30:20,219","<i>""perdamaian antara kami dan mereka.""</i>"
"1113","cue","01:30:20,352","01:30:23,421","<i>Pak Presiden,kamu menyerukan perdamaian,</i>"
"1114","cue","01:30:23,553","01:30:27,092","<i>dan aku percayakeinginan tulus Anda untuk perdamaian</i>"
"1115","cue","01:30:27,226","01:30:31,197","<i>seperti yang aku harap kamu percayadalam keinginan yang tulus</i>"
"1116","cue","01:30:31,331","01:30:33,499","<i>di pihak kami untuk perdamaian.</i>"
"1117","cue","01:30:33,632","01:30:35,901","<i>Kalau begitu mari kita lanjutkan.</i>"
"1118","cue","01:30:36,035","01:30:38,337","<i>Setidaknya biarkan kamisimpulkan satu hal.</i>"
"1119","cue","01:30:38,470","01:30:43,275","<i>Awal yang kau punyadibuat dengan keberanian seperti itu</i>"
"1120","cue","01:30:43,409","01:30:47,480","<i>dan dengan harapan akan perdamaian,mari kita putuskan satu hal.</i>"
"1121","cue","01:30:47,614","01:30:53,552","<i>Itu harus dilakukan secara tatap muka,antara kita dan antara kamu.</i>"
"1122","cue","01:30:53,686","01:30:59,692","<i>Supaya wanita tua pun menyukainyaSaya akan hidup untuk melihat hari itu.</i>"
"1123","cue","01:31:02,694","01:31:05,198","<i>Kau selalu meneleponkuseorang wanita tua, Pak Presiden.</i>"
"1124","cue","01:31:11,938","01:31:14,973","<i>Kita akan hidup untuk melihat hari ini</i>"
"1125","cue","01:31:15,108","01:31:17,744","<i>siapa pun yang menandatanganidi pihak Israel,</i>"
"1126","cue","01:31:17,877","01:31:20,479","<i>Saya ingin hidup untuk melihat hari itu.</i>"
"1127","cue","01:31:20,613","01:31:22,015","<i>Dan, Pak Presiden,</i>"
"1128","cue","01:31:22,148","01:31:24,651","<i>sebagai seorang nenekkepada seorang kakek...</i>"
"1129","cue","01:31:28,154","01:31:29,856","<i>bolehkah aku memberimu hadiah kecil</i>"
"1130","cue","01:31:29,989","01:31:31,424","<i>untuk cucu barunya?</i>"
"1131","cue","01:31:31,558","01:31:34,461","<i>Dan terima kasih atas hadiahmuyang telah kamu berikan padaku.</i>"
"1132","cue","01:33:09,557","01:33:13,795","<i>Mari kita tidak berperangsetelah bulan Oktober.</i>"
"1133","cue","01:33:13,929","01:33:16,966","<i>Tidak ada lagi perang, tidak ada lagi pertumpahan darah.</i>"
